"Seattle-Bellevue-Everett, WA MD",,,,,,,
2016 Occupational Employment,,,,,,,
and Wage Estimates,,,,,,,
Includes King and Snohomish counties,,,,,,,
Index,,,,,,,
,,,,,,,
SOC,"Seattle-Bellevue-Everett, WA MD", Estimated ,Average,,Percentiles,,Annual
code,Occupational title, employment ,wage,25th,50th,75th,wage
,,,,,,,
13-2011,Accountants & Auditors," 16,380 ",$38.63,$27.35,$35.14,$46.36,"$80,343"
27-2011,Actors, 319 ,,,,,
15-2011,Actuaries, 274 ,$53.34,$40.83,$49.10,$64.77,"$110,945"
23-1021,"Admin Law Judges, Adjudicators & Hearing Officers", 118 ,$51.18,$41.92,$47.78,$55.02,"$106,461"
11-3011,Administrative Services Managers," 2,831 ",$50.31,$38.22,$47.76,$60.09,"$104,648"
25-3011,"Adult Literacy, Remedial Ed, GED Teachers/Instructors"," 2,963 ",$28.11,$24.20,$28.50,$33.21,"$58,475"
11-2011,Advertising & Promotions Managers, 562 ,$55.56,$39.58,$53.94,$62.91,"$115,557"
41-3011,Advertising Sales Agents," 1,501 ",$23.47,$15.75,$19.36,$28.97,"$48,814"
17-2011,Aerospace Engineers," 8,485 ",,,,,
13-1011,"Agents/Business Mgrs of Artists, Performers, Athletes", 26 ,$34.60,$17.30,$22.34,$64.64,"$71,972"
19-4011,Agricultural & Food Science Technicians, 19 ,$20.20,$16.06,$19.75,$25.50,"$42,020"
45-2011,Agricultural Inspectors, 73 ,$30.28,$26.07,$29.78,$34.87,"$62,986"
45-2099,"Agricultural Workers, All Other",,$20.88,$16.15,$17.96,$26.62,"$43,430"
53-2021,Air Traffic Controllers, 573 ,$58.17,$46.37,$59.87,$69.45,"$120,995"
53-1011,Aircraft Cargo Handling Supervisors, 131 ,$20.46,$17.41,$19.21,$23.11,"$42,552"
49-3011,Aircraft Mechanics & Service Technicians," 3,350 ",,,,,
53-2022,Airfield Operations Specialists,,$27.42,$16.53,$19.55,$33.36,"$57,049"
53-2011,"Airline Pilots, Copilots & Flight Engineers",,,,,,"$99,143"
53-3011,Ambulance Drivers/Attendants (Not EMTs), 866 ,$16.81,$14.19,$16.80,$19.12,"$34,963"
39-3091,Amusement & Recreation Attendants," 1,563 ",$12.02,$10.46,$11.32,$12.24,"$25,014"
33-9011,Animal Control Workers, 71 ,$28.37,$25.69,$28.12,$30.71,"$59,002"
39-2011,Animal Trainers, 221 ,$16.47,$11.77,$14.26,$21.26,"$34,253"
19-3091,Anthropologists & Archeologists, 97 ,$32.63,$24.47,$30.89,$40.17,"$67,870"
25-1061,"Anthropology & Archeology Teachers, Postsecondary", 105 ,,,,,"$79,912"
13-2021,Appraisers & Assessors of Real Estate, 261 ,$36.07,$30.47,$35.07,$40.59,"$75,042"
23-1022,"Arbitrators, Mediators, & Conciliators", 95 ,$34.58,$14.88,$35.27,$45.62,"$71,928"
17-1011,"Architects, Except Landscape & Naval"," 2,299 ",$36.60,$26.67,$34.44,$45.06,"$76,128"
17-3011,Architectural & Civil Drafters, 976 ,$28.06,$22.77,$27.82,$33.09,"$58,374"
11-9041,Architectural & Engineering Managers," 3,175 ",$74.49,$60.45,$73.35,$88.43,"$154,925"
25-4011,Archivists, 133 ,$30.65,$21.79,$28.34,$39.99,"$63,751"
25-1062,"Area, Ethnic & Cultural Studies Teachers, Postsecondary", 133 ,,,,,"$72,810"
27-1011,Art Directors, 533 ,$48.44,$38.94,$46.72,$57.77,"$100,770"
25-1121,"Art, Drama & Music Teachers Postsecondary", 954 ,,,,,"$70,781"
27-1019,"Artists & Related Workers, All Other", 51 ,$28.59,$18.16,$29.64,$36.50,"$59,459"
51-2099,"Assemblers & Fabricators, All Other"," 2,064 ",$14.75,$11.05,$12.50,$16.37,"$30,673"
27-2021,Athletes & Sports Competitors, 171 ,,,,,"$104,493"
29-9091,Athletic Trainers, 169 ,,,,,"$52,764"
19-2021,Atmospheric & Space Scientists, 133 ,$42.98,$32.02,$42.62,$51.31,"$89,407"
25-1051,"Atmospheric/Earth/Marine/Space Sci Teachers, Postsec", 229 ,,,,,"$96,072"
27-4011,Audio & Video Equipment Technicians, 767 ,$24.72,$16.47,$23.25,$32.37,"$51,414"
29-1181,Audiologists, 245 ,$41.28,$35.25,$40.47,$47.19,"$85,867"
25-9011,Audio-Visual & Multimedia Collections Specialists, 37 ,$23.54,$19.35,$22.44,$27.15,"$48,959"
53-6031,Automotive & Watercraft Service Attendants," 1,060 ",$13.46,$11.09,$12.41,$14.54,"$27,984"
49-3021,Automotive Body & Related Repairers, 849 ,$29.98,$19.76,$26.79,$37.14,"$62,360"
49-3022,Automotive Glass Installers & Repairers,,$17.71,$15.03,$17.81,$21.15,"$36,823"
49-3023,Automotive Service Technicians & Mechanics," 5,153 ",$22.37,$15.14,$21.93,$27.87,"$46,532"
49-2091,Avionics Technicians," 1,217 ",,,,,
39-6011,Baggage Porters & Bellhops, 286 ,$12.47,$10.12,$11.24,$13.19,"$25,932"
33-3011,Bailiffs, 109 ,$27.81,$24.57,$28.84,$33.30,"$57,829"
51-3011,Bakers," 3,184 ",$13.74,$10.19,$12.72,$15.60,"$28,571"
39-5011,Barbers,,$15.80,$12.19,$15.27,$18.00,"$32,846"
35-3011,Bartenders," 6,894 ",$16.36,$10.85,$13.72,$20.59,"$34,029"
49-3091,Bicycle Repairers, 104 ,$13.73,$11.37,$13.24,$15.70,"$28,581"
43-3011,Bill & Account Collectors," 2,127 ",$18.27,$13.39,$17.65,$22.14,"$37,997"
43-3021,Billing/Posting Clerks & Machine Operators," 4,978 ",$20.89,$17.08,$20.72,$24.43,"$43,441"
19-1021,Biochemists & Biophysicists, 331 ,$42.52,$25.81,$40.39,$54.94,"$88,433"
25-1042,"Biological Science Teachers, Postsecondary", 607 ,,,,,"$93,830"
19-1029,"Biological Scientists, All Other", 602 ,$38.30,$24.49,$37.26,$47.49,"$79,658"
19-4021,Biological Technicians," 1,839 ",$21.33,$16.96,$20.25,$24.43,"$44,374"
17-2031,Biomedical Engineers, 303 ,$42.08,$26.21,$35.31,$52.25,"$87,541"
47-2011,Boilermakers, 222 ,$26.20,$23.95,$27.68,$30.42,"$54,489"
43-3031,"Bookkeeping, Accounting & Auditing Clerks"," 16,594 ",$21.48,$16.93,$20.77,$24.51,"$44,690"
47-3011,Brick/Block/Stonemason & Tile/Marble Setter Helpers, 180 ,$26.85,$18.67,$28.54,$33.85,"$55,841"
47-2021,Brickmasons & Blockmasons, 368 ,,,,,
53-6011,Bridge & Lock Tenders, 63 ,$25.39,$19.18,$26.58,$29.76,"$52,811"
27-4012,Broadcast Technicians, 301 ,$15.09,$10.72,$11.86,$17.63,"$31,378"
43-4011,Brokerage Clerks, 584 ,$26.28,$21.59,$26.53,$30.03,"$54,667"
13-2031,Budget Analysts," 1,061 ",$38.60,$29.88,$37.54,$47.82,"$80,292"
37-2019,"Building Cleaning Workers, All Other",,$15.12,$13.47,$15.07,$17.15,"$31,449"
53-3022,"Bus Drivers, School or Special Client"," 3,261 ",$19.10,$16.09,$20.17,$22.50,"$39,730"
53-3021,"Bus Drivers, Transit & Intercity"," 3,953 ",$24.78,$12.05,$27.81,$33.90,"$51,527"
49-3031,Bus/Truck Mechanics & Diesel Engine Specialists," 2,158 ",$29.01,$23.83,$28.78,$34.70,"$60,337"
13-1199,"Business Operations Specialists, All Other"," 19,987 ",$39.04,$27.58,$36.23,$47.96,"$81,203"
25-1011,"Business Teachers, Postsecondary", 664 ,,,,,"$85,309"
51-3021,Butchers & Meat Cutters," 1,335 ",$17.54,$11.59,$17.81,$22.68,"$36,471"
13-1021,"Buyers & Purchasing Agents, Farm Products", 98 ,,,,,
51-7011,Cabinetmakers & Bench Carpenters, 586 ,$18.08,$13.75,$17.10,$22.00,"$37,604"
27-4031,"Camera Operators, TV, Video & Motion Picture",,$24.53,$17.99,$23.84,$32.56,"$51,019"
53-5021,"Captains, Mates & Pilots of Water Vessels"," 1,785 ",$41.40,$35.90,$40.44,$48.59,"$86,123"
29-2031,Cardiovascular Technologists & Technicians, 426 ,$32.70,$22.69,$32.05,$42.17,"$68,001"
25-2023,"Career/Technical Education Teachers, Middle School", 62 ,,,,,"$64,988"
25-2032,"Career/Technical Education Teachers, Secondary School", 636 ,,,,,"$64,045"
43-5011,Cargo & Freight Agents," 1,337 ",$25.55,$18.26,$22.64,$29.27,"$53,163"
47-3012,Carpenter Helpers, 594 ,$15.84,$11.39,$14.98,$18.23,"$32,941"
47-2031,Carpenters," 11,729 ",$27.25,$20.64,$26.59,$33.52,"$56,674"
47-2041,Carpet Installers,,$17.88,$13.21,$14.82,$18.24,"$37,190"
17-1021,Cartographers & Photogrammetrists, 227 ,$39.80,$33.82,$40.44,$46.43,"$82,772"
41-2011,Cashiers," 24,039 ",$13.73,$10.75,$12.00,$15.10,"$28,547"
47-2051,Cement Masons & Concrete Finishers," 1,071 ",$24.67,$17.63,$21.97,$31.14,"$51,318"
35-1011,Chefs & Head Cooks," 1,239 ",$27.52,$20.46,$24.36,$30.41,"$57,238"
17-2041,Chemical Engineers, 123 ,$42.09,$27.91,$41.23,$54.52,"$87,541"
51-9011,Chemical Equipment Operators & Tenders, 147 ,$25.72,$19.95,$24.42,$29.46,"$53,508"
19-4031,Chemical Technicians, 398 ,$22.22,$18.61,$21.48,$23.84,"$46,210"
25-1052,"Chemistry Teachers, Postsecondary", 208 ,,,,,"$81,312"
19-2031,Chemists, 852 ,$35.06,$23.19,$30.99,$46.30,"$72,932"
11-1011,Chief Executives," 3,238 ",$105.00,$70.08,,,"$218,393"
21-1021,"Child, Family & School Social Workers"," 2,295 ",$23.29,$19.82,$23.54,$27.43,"$48,452"
39-9011,Childcare Workers," 3,331 ",$13.01,$10.86,$12.21,$14.74,"$27,054"
29-1011,Chiropractors, 319 ,$28.80,$21.70,$25.70,$29.26,"$59,916"
27-2032,Choreographers,,$37.19,$32.09,$38.12,$44.20,"$77,365"
17-3022,Civil Engineering Technicians, 806 ,$32.06,$26.47,$30.11,$37.20,"$66,672"
17-2051,Civil Engineers," 5,808 ",$42.28,$32.44,$41.36,$51.02,"$87,957"
13-1031,"Claims Adjusters, Examiners & Investigators"," 3,206 ",$35.39,$26.65,$34.85,$43.00,"$73,599"
53-7061,Cleaners of Vehicles & Equipment," 3,283 ",$14.71,$11.68,$13.80,$16.55,"$30,592"
51-9192,Cleaning/Washing/Metal Pickling Equipment Oprs & Tenders, 241 ,$16.89,$12.74,$14.64,$18.85,"$35,144"
21-2011,Clergy, 227 ,$31.20,$25.57,$29.17,$35.31,"$64,877"
19-3031,"Clinical, Counseling & School Psychologists", 729 ,$34.38,$28.48,$33.43,$38.14,"$71,522"
51-4012,"CNC Machine Tool Programmers, Metal/Plastic", 278 ,,,,,
27-2022,Coaches & Scouts," 4,741 ",,,,,"$46,748"
51-9121,Coating/Painting/Spraying Machine Setters/Oprs/Tenders, 932 ,$17.34,$13.83,$16.55,$20.75,"$36,073"
49-9091,"Coin, Vending & Amusement Machine Svcrs & Repairers", 333 ,$18.56,$12.68,$19.47,$22.85,"$38,593"
35-3021,"Combined Food Prep & Serving Workers, Inc Fast Food"," 29,064 ",$11.61,$10.01,$11.04,$12.11,"$24,147"
27-1021,Commercial & Industrial Designers, 379 ,$36.41,$26.56,$36.66,$45.75,"$75,732"
53-2012,Commercial Pilots, 528 ,,,,,"$102,097"
43-2099,"Communications Equipment Operators, All Other", 13 ,$16.57,$13.60,$14.89,$20.42,"$34,466"
25-1122,"Communications Teachers, Postsecondary", 212 ,,,,,"$58,881"
21-1099,"Community & Social Service Specialists, All Other", 687 ,$21.48,$14.39,$21.77,$27.59,"$44,668"
21-1094,Community Health Workers, 385 ,$21.23,$15.95,$19.10,$26.38,"$44,171"
11-3111,Compensation & Benefits Managers, 230 ,$60.89,$47.72,$59.23,$72.15,"$126,639"
13-1141,"Compensation, Benefits & Job Analysis Specialists"," 1,115 ",$40.53,$29.60,$37.20,$49.32,"$84,314"
13-1041,Compliance Officers (Except Agric/Const/Safety/Trans)," 2,966 ",$38.58,$28.51,$37.49,$45.20,"$80,251"
15-1111,Computer & Information Research Scientists, 775 ,$72.60,$57.93,$70.33,$85.87,"$151,007"
11-3021,Computer & Information Systems Managers," 8,042 ",$75.38,$58.76,$71.92,$87.49,"$156,798"
51-4011,"Computer Controlled Machine Tool Operators, Metal/Plastic"," 1,084 ",$29.08,$18.32,$27.91,$41.18,"$60,489"
17-2061,Computer Hardware Engineers," 1,160 ",$52.39,$31.09,$53.37,$69.45,"$108,977"
15-1143,Computer Network Architects," 3,883 ",$52.42,$38.21,$52.45,$64.49,"$109,038"
15-1152,Computer Network Support Specialists," 2,344 ",$38.94,$29.61,$36.31,$46.35,"$80,987"
15-1199,"Computer Occupations, All Other"," 4,286 ",$41.78,$27.53,$38.67,$55.60,"$86,901"
43-9011,Computer Operators, 475 ,$21.64,$16.85,$21.27,$26.48,"$45,017"
15-1131,Computer Programmers," 11,974 ",$60.23,$49.78,$60.00,$71.42,"$125,280"
25-1021,"Computer Science Teachers, Postsecondary", 321 ,,,,,"$84,964"
15-1121,Computer Systems Analysts," 12,347 ",$48.64,$37.60,$47.82,$58.42,"$101,186"
15-1151,Computer User Support Specialists," 9,641 ",$30.36,$21.69,$27.10,$35.78,"$63,162"
49-2011,"Computer, Automated Teller & Office Machine Repairers"," 1,159 ",,,,,
39-6012,Concierges, 606 ,$15.82,$13.56,$15.23,$17.68,"$32,907"
19-1031,Conservation Scientists, 91 ,$35.75,$24.96,$32.50,$42.30,"$74,372"
47-4011,Construction & Building Inspectors," 1,161 ",$34.72,$29.73,$35.02,$41.00,"$72,215"
47-4099,"Construction & Related Workers, All Other", 244 ,$23.26,$18.40,$24.31,$28.11,"$48,370"
47-2061,Construction Laborers," 8,605 ",$24.14,$16.45,$22.25,$32.70,"$50,200"
11-9021,Construction Managers," 3,564 ",$49.08,$38.36,$47.26,$57.69,"$102,079"
47-1011,Construction Supervisors of Trades & Extraction Workers," 5,243 ",$39.48,$30.74,$39.53,$47.11,"$82,125"
47-5041,Continuous Mining Machine Operators, 21 ,$28.28,$23.69,$28.89,$32.41,"$58,809"
49-9012,Control & Valve Installers & Repairers (Not Mech Door),,$25.79,$19.25,$23.47,$31.34,"$53,652"
53-7011,Conveyor Operators & Tenders, 309 ,$15.90,$12.76,$14.18,$17.21,"$33,078"
35-2019,"Cooks, All Other", 80 ,$15.97,$11.27,$15.14,$18.41,"$33,223"
35-2011,"Cooks, Fast Food"," 3,121 ",$11.66,$9.82,$11.41,$13.21,"$24,239"
35-2012,"Cooks, Institution & Cafeteria"," 3,633 ",$16.08,$13.60,$15.80,$18.16,"$33,447"
35-2014,"Cooks, Restaurant"," 12,037 ",$13.85,$12.00,$13.75,$15.45,"$28,808"
35-2015,"Cooks, Short Order"," 2,212 ",$13.46,$10.86,$12.05,$14.71,"$28,002"
33-1011,Correctional Officer Supervisors, 247 ,$34.23,$25.30,$33.48,$40.11,"$71,198"
33-3012,Correctional Officers & Jailers," 2,117 ",$27.18,$22.36,$26.52,$33.29,"$56,534"
43-4021,Correspondence Clerks, 16 ,$18.62,$16.36,$17.76,$19.15,"$38,734"
13-1051,Cost Estimators," 3,232 ",$36.80,$28.20,$35.59,$44.44,"$76,557"
39-3092,Costume Attendants, 98 ,$20.16,$16.32,$19.78,$23.25,"$41,932"
21-1019,"Counselors, All Other", 213 ,$23.82,$17.26,$22.67,$29.25,"$49,538"
41-2021,Counter & Rental Clerks," 6,434 ",$16.02,$11.98,$15.27,$19.07,"$33,328"
35-3022,"Counter Attendants, Cafeteria/Concession & Coffee Shop"," 7,400 ",$11.76,$9.76,$10.80,$11.99,"$24,453"
43-5021,Couriers & Messengers, 772 ,$15.54,$13.41,$15.22,$17.86,"$32,338"
23-2091,Court Reporters, 144 ,$29.61,$19.23,$27.80,$41.38,"$61,600"
43-4031,"Court, Municipal & License Clerks"," 1,108 ",$24.82,$20.70,$25.37,$28.61,"$51,608"
53-7021,Crane & Tower Operators, 614 ,$35.31,$27.99,$36.36,$44.20,"$73,450"
13-2041,Credit Analysts, 491 ,$43.78,$31.65,$40.93,$54.01,"$91,058"
43-4041,"Credit Authorizers, Checkers & Clerks", 242 ,,,,,
13-2071,Credit Counselors, 239 ,$24.52,$20.92,$23.05,$25.63,"$51,004"
25-1111,"Criminal Justice & Law Enforcement Teachers, Postsecondary", 83 ,,,,,"$58,313"
33-9091,Crossing Guards, 482 ,$19.46,$11.64,$17.39,$24.23,"$40,463"
51-9021,Crush/Grind/Polishing Machine Setters/Operators & Tenders, 178 ,$17.13,$13.20,$16.37,$20.99,"$35,614"
25-4012,Curators, 108 ,$31.17,$22.73,$28.31,$37.72,"$64,836"
43-4051,Customer Service Representatives," 30,834 ",$18.90,$14.66,$18.16,$22.54,"$39,307"
51-4031,"Cut/Punch/Press Mach Setters/Oprs/Tenders, Metal/Plastic"," 1,117 ",$21.44,$16.08,$18.77,$23.56,"$44,596"
51-9031,"Cutters & Trimmers, Hand",,$16.01,$13.31,$15.64,$18.28,"$33,297"
51-9032,Cutting & Slicing Machine Setters/Operators & Tenders, 643 ,$18.56,$14.44,$18.17,$22.37,"$38,594"
43-9021,Data Entry Keyers," 1,330 ",$19.08,$15.43,$18.24,$22.49,"$39,675"
15-1141,Database Administrators," 1,772 ",$46.44,$35.88,$47.62,$57.33,"$96,610"
41-9011,Demonstrators & Product Promoters, 869 ,$14.26,$11.93,$13.22,$14.56,"$29,679"
31-9091,Dental Assistants," 4,574 ",$20.88,$17.72,$20.69,$23.83,"$43,431"
29-2021,Dental Hygienists," 2,820 ",$44.50,$40.70,$45.69,$50.89,"$92,552"
51-9081,Dental Laboratory Technicians, 488 ,$23.43,$20.12,$22.90,$26.88,"$48,720"
29-1029,"Dentists, All Other Specialists",,$104.96,$71.98,$91.29,,"$218,309"
29-1021,"Dentists, General"," 1,034 ",$96.33,$63.77,,,"$200,362"
27-1029,"Designers, All Other", 131 ,$35.45,$27.35,$34.27,$43.96,"$73,733"
43-9031,Desktop Publishers, 174 ,$26.99,$19.92,$28.83,$34.87,"$56,131"
33-3021,Detectives & Criminal Investigators, 779 ,$45.00,$27.89,$46.62,$60.03,"$93,612"
29-2032,Diagnostic Medical Sonographers, 621 ,$42.33,$37.37,$42.60,$47.20,"$88,058"
29-2051,Dietetic Technicians, 188 ,$18.54,$15.08,$18.25,$22.49,"$38,561"
29-1031,Dietitians & Nutritionists, 632 ,$32.49,$27.52,$32.83,$37.56,"$67,596"
35-9011,Dining Room & Cafeteria Attendants & Bartender Helpers," 4,273 ",$12.69,$9.76,$10.86,$12.65,"$26,381"
21-2021,"Directors, Religious Activities & Education", 74 ,$31.56,$19.80,$32.83,$43.80,"$65,648"
35-9021,Dishwashers," 5,865 ",$11.70,$10.45,$11.42,$12.65,"$24,321"
43-5032,"Dispatchers (Except Police, Fire & Ambulance)"," 1,959 ",$23.82,$16.67,$21.21,$29.35,"$49,551"
17-3019,"Drafters, All Other", 387 ,$28.43,$21.30,$30.61,$35.28,"$59,125"
51-4032,Drilling/Boring Machine Tool Setters/Oprs/Tenders, 92 ,$19.65,$13.48,$16.13,$24.12,"$40,871"
53-3031,Driver/Sales Workers," 3,611 ",$13.41,$10.30,$12.00,$14.89,"$27,872"
47-2081,Drywall & Ceiling Tile Installers," 1,783 ",$27.10,$21.18,$23.97,$33.67,"$56,369"
47-5021,"Earth Drillers, Except Oil & Gas", 93 ,$34.52,$29.30,$35.99,$41.02,"$71,798"
25-1063,"Economics Teachers, Postsecondary", 97 ,,,,,"$82,194"
19-3011,Economists, 130 ,$47.78,$38.67,$45.35,$55.74,"$99,390"
27-3041,Editors," 1,422 ",$34.73,$21.52,$30.68,$42.80,"$72,222"
11-9031,"Educ Administrators, Preschool/Childcare Center/Program", 615 ,$21.99,$16.70,$19.20,$27.27,"$45,744"
11-9039,"Education Administrators, All Other", 477 ,$38.70,$24.74,$38.53,$50.05,"$80,497"
11-9032,"Education Administrators, Elementary & Secondary School"," 1,614 ",,,,,"$114,851"
11-9033,"Education Administrators, Postsecondary"," 1,057 ",$52.96,$36.78,$45.11,$59.86,"$110,153"
25-1081,"Education Teachers, Postsecondary", 481 ,,,,,"$83,909"
25-9099,"Education, Training & Library Workers, All Other"," 2,090 ",$25.12,$18.07,$24.05,$30.18,"$52,257"
21-1012,"Educational, Guidance, Vocational & School Counselors"," 1,861 ",$28.38,$23.85,$28.27,$33.50,"$59,033"
49-2092,"Electric Motor, Power Tool & Related Repairers", 172 ,,,,,
51-2022,Electrical & Electronic Equipment Assemblers," 3,265 ",$17.97,$14.36,$17.05,$20.06,"$37,359"
17-3012,Electrical & Electronics Drafters, 717 ,$41.49,$34.27,$42.66,$49.18,"$86,303"
17-3023,Electrical & Electronics Engineering Technicians," 1,172 ",$31.81,$25.87,$31.51,$37.41,"$66,165"
17-2071,Electrical Engineers," 4,300 ",$52.62,$40.85,$51.42,$63.32,"$109,454"
49-9051,Electrical Power Line Installers & Repairers, 500 ,$41.60,$39.57,$43.11,$46.85,"$86,510"
49-2093,"Electrical/Electronics Installers/Repairers, Transp Equip", 262 ,$30.70,$26.27,$31.86,$35.92,"$63,866"
49-2094,"Electrical/Electronics Repairers, Comm & Industrial Equip", 708 ,$34.56,$27.27,$34.39,$43.35,"$71,876"
47-3013,Electrician Helpers, 328 ,$22.21,$16.99,$22.05,$27.27,"$46,205"
47-2111,Electricians," 6,588 ",$34.62,$26.33,$35.53,$44.10,"$72,001"
51-2023,Electromechanical Equipment Assemblers, 545 ,$17.90,$14.30,$17.32,$20.95,"$37,237"
49-2097,Electronic Home Entertainment Equip Install/Repair,,$22.06,$15.77,$24.03,$27.91,"$45,875"
17-2072,"Electronics Engineers, Except Computer"," 2,516 ",$55.26,$45.18,$55.30,$64.29,"$114,952"
25-2021,"Elementary School Teachers, Except Special Education"," 10,101 ",,,,,"$62,016"
47-4021,Elevator Installers & Repairers,,$47.73,$36.38,$53.24,$58.40,"$99,271"
43-4061,"Eligibility Interviewers, Government Programs"," 1,595 ",$23.28,$18.77,$24.03,$26.21,"$48,425"
39-4011,Embalmers, 23 ,$24.75,$16.49,$26.33,$30.41,"$51,487"
11-9161,Emergency Management Directors, 61 ,$46.47,$37.77,$44.79,$53.63,"$96,666"
29-2041,Emergency Medical Technicians & Paramedics," 1,182 ",$32.27,$19.13,$32.04,$44.59,"$67,129"
51-2031,Engine & Other Machine Assemblers, 416 ,$21.48,$18.13,$20.74,$23.48,"$44,668"
25-1032,"Engineering Teachers, Postsecondary", 480 ,,,,,"$104,878"
17-3029,"Engineering Technicians, Except Drafters, All Other", 358 ,$34.51,$26.46,$35.06,$43.57,"$71,786"
17-2199,"Engineers, All Other"," 2,577 ",$43.03,$28.02,$40.20,$57.03,"$89,509"
25-1123,"English Language & Literature Teachers, Postsecondary", 658 ,,,,,"$63,396"
27-2099,"Entertainers/Performers/Sports & Related Workers, All Other", 131 ,$21.57,$11.87,$14.56,$24.81,
39-3099,"Entertainment Attendants & Related Workers, All Other", 169 ,$12.00,$10.44,$11.80,$13.61,"$24,973"
17-3025,Environmental Engineering Technicians, 172 ,$25.66,$17.82,$25.86,$32.56,"$53,362"
17-2081,Environmental Engineers, 815 ,$46.61,$37.19,$46.19,$56.47,"$96,945"
19-4091,Environmental Science & Protection Techs (Inc Health), 313 ,$24.69,$20.63,$23.31,$28.15,"$51,354"
25-1053,"Environmental Science Teachers, Postsecondary", 69 ,,,,,
19-2041,Environmental Scientists & Specialists (Inc Health)," 2,355 ",$37.31,$26.30,$34.87,$46.96,"$77,609"
51-9194,Etchers & Engravers,,$25.79,$21.93,$25.25,$29.23,"$53,661"
53-7032,"Excavating, Loading Machine & Dragline Operators", 357 ,$31.90,$27.96,$31.90,$35.93,"$66,340"
43-6011,Executive Secretaries & Administrative Assistants," 5,652 ",$29.43,$24.23,$28.93,$34.57,"$61,217"
29-1128,Exercise Physiologists, 55 ,$19.48,$15.18,$17.64,$21.65,"$40,509"
51-4021,"Extruding/Drawing Mach Setters/Oprs/Tenders, Metal/Plastic", 524 ,$21.81,$16.30,$20.50,$25.89,"$45,362"
51-9041,Extruding/Form/Press/Compact Mach Setters/Operators/Tenders, 691 ,$13.91,$11.16,$13.12,$16.18,"$28,938"
51-6091,"Extruding/Forming Machine Set/Oprs/Tenders, Synthetic/Glass", 142 ,$15.20,$12.85,$14.72,$17.41,"$31,623"
51-6092,Fabric & Apparel Patternmakers, 32 ,$21.79,$15.00,$22.41,$26.12,"$45,331"
45-4021,Fallers,,$21.71,$15.33,$21.03,$24.26,"$45,158"
29-1062,Family & General Practitioners, 809 ,$98.79,$63.42,,,"$205,475"
49-3041,Farm Equipment Mechanics & Service Technicians,,$19.69,$16.56,$20.27,$23.02,"$40,970"
45-2092,Farm Workers & Laborers/Crop/Nursery & Greenhouse, 922 ,$11.93,$9.98,$11.20,$12.95,"$24,810"
45-2093,"Farm Workers, Farm/Ranch/Aquacultural Animals", 274 ,$18.06,$13.61,$16.25,$19.26,"$37,576"
45-1011,"Farming, Fishing & Forestry Worker Supervisors", 117 ,$26.96,$15.66,$28.11,$37.28,"$56,095"
27-1022,Fashion Designers,,$41.45,$29.85,$37.42,$54.89,"$86,222"
51-2091,Fiberglass Laminators & Fabricators, 341 ,$16.28,$11.83,$15.03,$18.95,"$33,858"
43-4071,File Clerks," 1,226 ",$17.33,$12.33,$16.03,$21.22,"$36,032"
27-4032,Film & Video Editors, 189 ,$26.59,$17.49,$24.84,$34.50,"$55,310"
13-2051,Financial Analysts," 2,929 ",$43.24,$31.73,$39.21,$49.59,"$89,932"
43-3099,"Financial Clerks, All Other", 268 ,$20.75,$17.12,$20.18,$23.63,"$43,175"
13-2061,Financial Examiners, 241 ,$47.49,$33.32,$42.77,$61.92,"$98,784"
11-3031,Financial Managers," 7,317 ",$64.91,$45.40,$59.40,$76.69,"$135,021"
13-2099,"Financial Specialists, All Other",,$36.24,$25.48,$34.68,$45.32,"$75,380"
27-1013,"Fine Artists, Including Painters, Sculptors & Illustrators", 260 ,$36.45,$27.84,$37.53,$45.80,"$75,823"
33-1021,Fire Fighting & Prevention Worker Supervisors, 868 ,$47.63,$42.02,$47.63,$54.56,"$99,067"
33-2021,Fire Inspectors & Investigators, 107 ,$45.85,$40.34,$44.85,$49.43,"$95,356"
33-2011,Firefighters," 3,051 ",$37.20,$33.57,$39.25,$44.58,"$77,367"
39-9031,Fitness Trainers & Aerobics Instructors," 4,349 ",$22.61,$14.33,$20.10,$30.14,"$47,020"
53-2031,Flight Attendants," 2,752 ",,,,,"$39,690"
47-2043,Floor Sanders & Finishers,,$22.22,$20.19,$21.86,$23.54,"$46,205"
27-1023,Floral Designers, 437 ,$15.91,$12.15,$15.09,$19.27,"$33,083"
51-3092,Food Batchmakers," 1,432 ",$13.73,$10.63,$12.02,$16.00,"$28,550"
51-3093,Food Cooking Machine Operators & Tenders,,$14.13,$11.59,$13.85,$16.20,"$29,377"
35-9099,"Food Preparation & Serving Related Workers, All Other", 375 ,$11.45,$10.01,$10.76,$11.50,"$23,831"
35-1012,Food Preparation & Serving Worker Supervisors," 8,187 ",$20.19,$15.45,$19.99,$24.30,"$41,993"
35-2021,Food Preparation Workers," 11,031 ",$13.32,$10.68,$12.00,$15.06,"$27,696"
51-3099,"Food Processing Workers, All Other",,$14.45,$11.11,$13.18,$17.39,"$30,061"
19-1012,Food Scientists & Technologists, 62 ,$37.05,$30.14,$35.99,$45.77,"$77,061"
35-3041,"Food Servers, Nonrestaurant"," 2,480 ",$12.77,$9.80,$11.14,$13.63,"$26,554"
11-9051,Food Service Managers," 1,155 ",$28.17,$21.96,$27.10,$33.29,"$58,587"
51-3091,Food/Tobacco Roasting/Baking/Drying Mach Oprs/Tenders, 139 ,$17.19,$13.57,$15.15,$19.63,"$35,757"
25-1124,"Foreign Language & Literature Teachers, Postsecondary", 313 ,,,,,"$60,525"
19-4092,Forensic Science Technicians, 164 ,$32.35,$27.96,$32.96,$37.17,"$67,291"
19-4093,Forest & Conservation Technicians, 111 ,$19.30,$14.86,$16.63,$21.83,"$40,133"
45-4011,Forest & Conservation Workers, 104 ,$13.20,$9.57,$9.58,$16.49,"$27,453"
19-1032,Foresters, 62 ,$29.06,$24.02,$28.23,$33.23,"$60,423"
51-4071,Foundry Mold & Coremakers, 123 ,$15.22,$11.66,$14.25,$18.46,"$31,653"
13-1131,Fundraisers," 1,300 ",$28.83,$21.93,$27.90,$35.49,"$59,958"
39-4021,Funeral Attendants, 111 ,$12.82,$10.47,$11.57,$15.93,"$26,666"
11-9061,Funeral Service Managers, 28 ,$33.94,$26.87,$31.49,$40.63,"$70,601"
51-9051,"Furnace/Kiln/Oven/Drier, Kettle Operators & Tenders", 126 ,$17.64,$14.18,$17.14,$20.75,"$36,686"
51-7021,Furniture Finishers, 266 ,$16.90,$13.38,$15.63,$19.01,"$35,155"
43-3041,Gaming Cage Workers, 101 ,$14.94,$11.86,$15.89,$17.58,"$31,079"
41-2012,Gaming Change Persons & Booth Cashiers, 363 ,$13.13,$10.43,$12.46,$15.08,"$27,324"
39-3011,Gaming Dealers," 2,689 ",$13.29,$9.72,$9.82,$12.78,"$27,635"
11-9071,Gaming Managers, 51 ,$33.84,$24.68,$32.27,$40.60,"$70,386"
39-1011,Gaming Supervisors, 238 ,$25.37,$21.01,$26.02,$29.42,"$52,782"
33-9031,Gaming Surveillance Officers & Gaming Investigators, 165 ,$15.53,$12.50,$14.49,$18.36,"$32,295"
39-3012,Gaming/Sports Book Writers & Runners, 246 ,,,,,
51-8092,Gas Plant Operators, 106 ,$35.57,$33.04,$35.24,$37.43,"$73,994"
11-1021,General & Operations Managers," 20,686 ",$66.37,$40.58,$57.05,$81.82,"$138,060"
29-9092,Genetic Counselors, 46 ,$37.28,$32.77,$36.47,$42.12,"$77,548"
19-3092,Geographers, 12 ,,,,,
25-1064,"Geography Teachers, Postsecondary", 48 ,,,,,"$78,613"
19-4041,Geological & Petroleum Technicians,,$25.66,$24.78,$26.98,$29.14,"$53,372"
19-2042,"Geoscientists, Except Hydrologists & Geographers", 773 ,$41.85,$29.17,$38.96,$51.75,"$87,033"
47-2121,Glaziers, 848 ,$31.30,$21.75,$29.20,$41.66,"$65,120"
27-1024,Graphic Designers," 3,140 ",$29.54,$22.30,$28.82,$35.87,"$61,458"
51-4033,Grind/Lapping/Polish/Buff Mach Setters/Oprs & Tenders, 582 ,$18.23,$13.69,$16.78,$20.17,"$37,911"
51-9022,"Grinding & Polishing Workers, Hand", 429 ,$16.13,$11.79,$14.72,$18.68,"$33,542"
37-3019,"Grounds Maintenance Workers, All Other", 31 ,$25.34,$20.72,$27.69,$30.07,"$52,700"
39-5012,"Hairdressers, Hairstylists & Cosmetologists"," 4,005 ",$20.20,$11.87,$16.30,$24.67,"$42,023"
47-4041,Hazardous Materials Removal Workers, 322 ,$31.66,$27.06,$31.17,$35.66,"$65,842"
17-2111,"Health & Safety Engineers, Except Mining", 195 ,$45.09,$37.86,$45.18,$53.24,"$93,790"
29-1199,"Health Diagnosing & Treating Practitioners, All Other", 721 ,$36.59,$25.85,$36.78,$47.19,"$76,117"
21-1091,Health Educators, 831 ,$27.38,$19.19,$24.70,$34.38,"$56,943"
25-1071,"Health Specialties Teachers, Postsecondary"," 3,013 ",,,,,"$142,435"
29-2099,"Health Technologists & Technicians, All Other"," 1,144 ",$26.56,$20.12,$24.57,$32.12,"$55,239"
29-9099,"Healthcare Practitioners & Technical Workers, All Other", 517 ,$29.20,$21.94,$26.37,$33.93,"$60,738"
21-1022,Healthcare Social Workers," 1,670 ",$29.20,$22.27,$29.30,$36.26,"$60,728"
31-9099,"Healthcare Support Workers, All Other"," 1,206 ",$20.52,$16.97,$20.25,$23.37,"$42,666"
29-2092,Hearing Aid Specialists,,$22.09,$17.32,$20.45,$25.77,"$45,926"
51-4191,"Heat Treating Equip Setters/Oprs/Tenders, Metal/Plastic", 129 ,$28.45,$17.04,$29.61,$38.89,"$59,183"
49-9021,"Heat Treating Equip Setters/Oprs/Tenders, Metal/Plastic"," 1,353 ",$30.78,$24.48,$29.23,$37.65,"$64,018"
53-1021,Helper/Laborer & Material Mover(hand) Supervisors," 1,614 ",$28.24,$19.49,$26.84,$34.62,"$58,730"
47-3019,"Helpers, Construction Trades, All Other", 14 ,$19.54,$16.40,$18.10,$25.90,"$40,635"
47-4051,Highway Maintenance Workers, 622 ,$25.15,$20.44,$25.46,$28.75,"$52,314"
25-1125,"History Teachers, Postsecondary", 176 ,,,,,"$74,596"
49-9031,Home Appliance Repairers, 505 ,$18.01,$14.06,$17.12,$21.13,"$37,470"
25-1192,"Home Economics Teachers, Postsecondary", 15 ,,,,,"$54,377"
31-1011,Home Health Aides," 3,772 ",$12.92,$10.89,$12.05,$14.04,"$26,860"
35-9031,"Hosts/Hostesses, Restaurant, Lounge & Coffee Shop"," 3,730 ",$12.22,$10.22,$11.36,$13.23,"$25,402"
43-4081,"Hotel, Motel & Resort Desk Clerks"," 1,736 ",$12.47,$10.73,$11.93,$13.97,"$25,952"
37-1011,Housekeeping & Janitorial Worker Supervisors," 1,098 ",$20.92,$15.93,$20.68,$24.33,"$43,522"
43-4161,"Human Resources Assistants, Except Payroll & Timekeeping"," 1,174 ",$21.29,$17.89,$21.23,$24.18,"$44,270"
11-3121,Human Resources Managers," 2,186 ",$60.20,$44.38,$57.61,$72.63,"$125,227"
13-1071,Human Resources Specialists," 8,114 ",$36.61,$25.73,$33.45,$45.05,"$76,147"
19-2043,Hydrologists, 185 ,$50.61,$39.27,$52.28,$59.35,"$105,264"
17-2112,Industrial Engineers," 6,030 ",$50.74,$41.18,$50.31,$60.45,"$105,548"
49-9041,Industrial Machinery Mechanics," 2,120 ",$30.73,$24.16,$29.24,$38.18,"$63,937"
11-3051,Industrial Production Managers," 1,570 ",$57.21,$43.05,$55.73,$70.23,"$118,985"
53-7051,Industrial Truck & Tractor Operators," 4,979 ",$22.37,$15.86,$20.53,$26.11,"$46,525"
43-4199,"Information & Record Clerks, All Other"," 1,391 ",$19.35,$16.25,$18.62,$22.64,"$40,248"
15-1122,Information Security Analysts," 1,206 ",$48.10,$38.77,$49.98,$58.13,"$100,039"
51-9061,"Inspectors, Testers, Sorters, Samplers & Weighers"," 7,731 ",$28.98,$20.06,$27.04,$39.40,"$60,275"
49-9098,"Installation, Maintenance & Repair Helpers", 840 ,$17.73,$13.31,$16.52,$21.77,"$36,884"
49-9099,"Installation, Maintenance & Repair Workers, All Other", 969 ,$26.36,$18.95,$26.34,$33.45,"$54,805"
25-9031,Instructional Coordinators, 962 ,$31.13,$24.96,$30.51,$36.00,"$64,765"
47-2131,"Insulation Workers, Floor, Ceiling & Wall",,$20.37,$14.66,$18.35,$23.68,"$42,363"
47-2132,"Insulation Workers, Mechanical", 297 ,$27.57,$19.82,$24.99,$35.21,"$57,365"
13-1032,"Insurance Appraisers, Auto Damage", 100 ,$34.28,$29.56,$34.69,$38.90,"$71,297"
43-9041,Insurance Claims & Policy Processing Clerks," 2,519 ",$21.41,$17.33,$20.90,$24.62,"$44,526"
41-3021,Insurance Sales Agents," 4,029 ",$34.04,$17.73,$23.64,$36.90,"$70,801"
13-2053,Insurance Underwriters," 1,399 ",$39.17,$30.14,$36.54,$46.39,"$81,479"
27-1025,Interior Designers," 1,276 ",$27.11,$21.14,$26.33,$30.51,"$56,386"
29-1063,"Internists, General", 262 ,$101.77,$77.03,,,"$211,694"
27-3091,Interpreters & Translators, 901 ,$18.04,$9.62,$19.49,$23.18,"$37,526"
43-4111,"Interviewers, Except Eligibility & Loan"," 2,852 ",$19.13,$15.76,$18.81,$22.37,"$39,788"
37-2011,"Janitors/Cleaners, Except Maids & Housekeeping "," 17,131 ",$15.37,$11.74,$14.74,$18.35,"$31,959"
51-9071,Jewelers/Precious Stone & Metal Workers, 141 ,$27.97,$19.91,$27.45,$34.81,"$58,162"
23-1023,"Judges, Magistrate Judges & Magistrates", 373 ,$48.22,$31.40,$53.39,$67.58,"$100,283"
23-1012,Judicial Law Clerks, 205 ,$27.39,$21.85,$24.49,$32.75,"$56,984"
25-2012,"Kindergarten Teachers, Except Special Education"," 1,616 ",,,,,"$56,355"
13-1075,Labor Relations Specialists, 978 ,$37.93,$24.13,$35.18,$48.58,"$78,890"
53-7062,"Laborers/Freight, Stock & Material Movers, Hand"," 25,165 ",$15.61,$11.72,$14.17,$18.12,"$32,457"
17-1012,Landscape Architects, 945 ,$35.05,$24.35,$34.63,$42.69,"$72,901"
37-3011,Landscaping & Groundskeeping Workers," 8,514 ",$17.27,$13.11,$14.90,$19.46,"$35,936"
37-1012,Landscaping/Lawn & Groundskeeping Worker Supervisors , 871 ,$25.64,$21.31,$23.91,$28.35,"$53,322"
51-4034,"Lathe Tool Setters/Operators/Tenders, Metal/Plastic", 279 ,$19.62,$14.19,$18.01,$23.92,"$40,799"
51-6011,Laundry & Dry-Cleaning Workers," 1,373 ",$13.94,$11.26,$13.44,$16.47,"$29,010"
25-1112,"Law Teachers, Postsecondary", 145 ,,,,,"$109,971"
23-1011,Lawyers," 7,554 ",$66.13,$40.69,$58.71,$81.03,"$137,555"
51-4192,"Layout Workers, Metal & Plastic", 102 ,$35.36,$31.23,$36.24,$43.68,"$73,535"
43-6012,Legal Secretaries," 2,096 ",$25.86,$19.03,$25.70,$33.39,"$53,787"
23-2099,"Legal Support Workers, All Other", 510 ,$32.01,$23.33,$29.69,$41.68,"$66,581"
11-1031,Legislators, 194 ,,,,,"$71,471"
25-4021,Librarians," 1,565 ",$34.04,$30.72,$34.31,$37.77,"$70,781"
43-4121,"Library Assistants, Clerical", 911 ,$14.16,$12.40,$13.71,$15.02,"$29,452"
25-1082,"Library Science Teachers, Postsecondary", 72 ,,,,,"$91,852"
25-4031,Library Technicians," 1,322 ",$21.99,$19.21,$21.85,$24.56,"$45,743"
19-1099,"Life Scientists, All Other", 109 ,$42.86,$33.55,$35.26,$54.64,"$89,154"
19-4099,"Life, Physical & Social Science Technicians, All Other", 456 ,$25.09,$19.87,$24.32,$29.48,"$52,196"
33-9092,Lifeguards/Ski Patrol & Recreational Protective Svc Workers," 1,412 ",$12.91,$10.40,$11.48,$13.91,"$26,850"
53-3033,Light Truck or Delivery Services Drivers," 8,888 ",$18.78,$13.44,$16.84,$22.78,"$39,058"
43-4131,Loan Interviewers & Clerks," 1,839 ",$18.20,$13.30,$17.60,$23.05,"$37,843"
13-2072,Loan Officers," 3,282 ",$33.93,$18.14,$31.07,$44.16,"$70,580"
39-3093,"Locker Room, Coatroom & Dressing Room Attendants", 215 ,$12.72,$10.34,$11.90,$14.31,"$26,452"
53-4011,Locomotive Engineers,,$37.11,$26.25,$42.39,$46.76,"$77,199"
11-9081,Lodging Managers, 288 ,$27.95,$21.54,$26.49,$29.88,"$58,136"
45-4022,Logging Equipment Operators, 107 ,$26.57,$24.14,$26.81,$29.39,"$55,261"
53-7063,Machine Feeders & Offbearers, 307 ,$14.75,$12.00,$14.28,$16.99,"$30,674"
51-4041,Machinists," 5,643 ",$25.11,$18.66,$23.59,$29.47,"$52,242"
29-2035,Magnetic Resonance Imaging Technologists, 407 ,$39.94,$34.74,$41.49,$46.71,"$83,087"
37-2012,Maids & Housekeeping Cleaners," 7,280 ",$12.56,$10.63,$11.80,$14.10,"$26,136"
43-9051,"Mail Clerks & Mail Machine Oprs, Except Postal Service", 572 ,$17.82,$13.83,$17.58,$21.54,"$37,066"
49-9071,"Maintenance & Repair Workers, General"," 13,721 ",$21.86,$16.33,$20.70,$26.98,"$45,450"
49-9043,"Maintenance Workers, Machinery", 726 ,$25.09,$18.75,$23.41,$30.95,"$52,196"
39-5091,"Makeup Artists, Theatrical & Performance",,$22.88,$19.85,$22.19,$25.25,"$47,581"
13-1111,Management Analysts," 12,518 ",$53.80,$38.29,$51.08,$66.30,"$111,903"
11-9199,"Managers, All Other"," 4,952 ",$61.37,$42.91,$55.50,$72.72,"$127,642"
39-5092,Manicurists & Pedicurists," 2,861 ",$14.82,$11.27,$13.94,$18.02,"$30,827"
17-2121,Marine Engineers & Naval Architects, 540 ,$44.95,$36.34,$43.85,$50.71,"$93,496"
13-1161,Market Research Analysts & Marketing Specialists," 11,938 ",$41.41,$26.28,$37.11,$55.40,"$86,156"
11-2021,Marketing Managers," 4,685 ",$70.74,$51.69,$67.11,$85.47,"$147,147"
21-1013,Marriage & Family Therapists, 98 ,$21.05,$17.11,$20.50,$24.17,"$43,775"
31-9011,Massage Therapists," 2,450 ",$26.39,$17.46,$26.67,$34.32,"$54,892"
53-7199,"Material Moving Workers, All Other", 293 ,$25.69,$12.60,$23.76,$34.28,"$53,443"
15-2099,"Mathematical Science Occupations, All Other", 17 ,$39.08,$19.87,$34.80,$66.32,"$81,291"
25-1022,"Mathematical Science Teachers, Postsecondary", 407 ,,,,,"$85,288"
51-3022,"Meat, Poultry & Fish Cutters/Trimmers"," 1,761 ",$13.54,$10.61,$11.96,$15.47,"$28,152"
49-9011,Mechanical Door Repairers, 371 ,$22.74,$19.91,$22.38,$25.75,"$47,290"
17-3013,Mechanical Drafters," 1,839 ",$38.90,$31.77,$38.96,$46.67,"$80,916"
17-3027,Mechanical Engineering Technicians, 518 ,$29.69,$22.44,$29.50,$36.47,"$61,752"
17-2141,Mechanical Engineers," 4,312 ",$46.74,$35.04,$45.02,$56.49,"$97,219"
49-1011,"Mechanics, Installers & Repairers Supervisors"," 4,088 ",$34.94,$27.24,$34.41,$41.44,"$72,685"
27-4099,"Media & Communication Equipment Workers, All Other", 152 ,$34.44,$24.40,$35.37,$44.88,"$71,633"
27-3099,"Media & Communication Workers, All Other", 197 ,$28.83,$18.69,$23.92,$39.54,"$59,977"
29-2012,Medical & Clinical Laboratory Technicians," 1,397 ",$22.15,$17.84,$21.19,$24.51,"$46,078"
29-2011,Medical & Clinical Laboratory Technologists," 1,694 ",$33.33,$28.18,$33.36,$38.22,"$69,320"
11-9111,Medical & Health Services Managers," 2,841 ",$64.80,$43.11,$56.17,$74.33,"$134,775"
51-9082,Medical Appliance Technicians, 27 ,$27.42,$24.31,$28.20,$31.57,"$57,029"
31-9092,Medical Assistants," 5,804 ",$18.70,$16.33,$18.35,$21.32,"$38,903"
31-9093,Medical Equipment Preparers, 607 ,$18.88,$15.07,$18.66,$22.66,"$39,260"
49-9062,Medical Equipment Repairers, 687 ,$27.30,$20.53,$26.61,$33.06,"$56,777"
29-2071,Medical Records & Health Information Technicians," 2,408 ",$23.25,$17.54,$21.79,$27.79,"$48,361"
19-1042,"Medical Scientists, Except Epidemiologists"," 3,840 ",$38.45,$24.30,$31.32,$43.86,"$79,983"
43-6013,Medical Secretaries," 4,611 ",$22.03,$18.32,$21.94,$25.78,"$45,826"
31-9094,Medical Transcriptionists, 761 ,$21.64,$17.03,$21.58,$27.14,"$45,021"
21-1023,Mental Health & Substance Abuse Social Workers, 876 ,$29.22,$21.45,$26.89,$34.07,"$60,758"
21-1014,Mental Health Counselors," 1,035 ",$20.90,$15.53,$19.69,$24.67,"$43,471"
27-1026,Merchandise Displayers & Window Trimmers," 1,737 ",$15.54,$11.72,$15.09,$17.86,"$32,322"
51-4199,"Metal Workers & Plastic Workers, All Other", 231 ,$17.57,$11.23,$14.88,$21.36,"$36,533"
51-4051,Metal-Refining Furnace Operators & Tenders, 24 ,$19.44,$14.27,$17.84,$22.35,"$40,432"
43-5041,"Meter Readers, Utilities", 146 ,$23.85,$20.69,$23.55,$27.26,"$49,622"
19-1022,Microbiologists, 275 ,$33.92,$24.03,$30.87,$40.60,"$70,558"
25-2022,Middle School Teachers (Except Special Ed & Vocational)," 3,442 ",,,,,"$63,477"
51-4035,"Milling/Planing Mach Setters, Oprs/Tenders, Metal/Plastic", 219 ,$24.11,$17.72,$22.18,$30.22,"$50,149"
49-9044,Millwrights, 319 ,$39.02,$32.38,$41.71,$46.92,"$81,160"
17-2151,Mining & Geological Engineers (Inc Mining Safety), 42 ,$49.22,$36.34,$44.59,$67.01,"$102,372"
51-9023,"Mixing & Blending Machine Setters,Operators & Tenders", 529 ,$18.37,$12.14,$16.68,$22.09,"$38,227"
49-3042,"Mobile Heavy Equipment Mechanics, Except Engines"," 1,125 ",$25.94,$18.30,$24.29,$32.14,"$53,945"
51-4061,"Model Makers, Metal & Plastic", 91 ,$34.82,$23.36,$40.91,$46.35,"$72,422"
41-9012,Models, 18 ,$17.14,$15.67,$17.14,$18.62,"$35,653"
51-4072,"Mold/Coremaking/Casting Mach Set/Oprs/Tend, Metal/Plastic", 691 ,$15.44,$12.89,$14.45,$17.00,"$32,123"
51-9195,"Molders, Shapers & Casters, Except Metal & Plastic", 167 ,$21.22,$16.53,$21.21,$26.29,"$44,127"
39-4031,"Morticians, Undertakers & Funeral Directors", 54 ,$27.55,$25.09,$27.93,$30.88,"$57,309"
39-3021,Motion Picture Projectionists,,$15.00,$9.80,$12.47,$15.67,"$31,194"
53-3099,"Motor Vehicle Operators, All Other", 157 ,$13.76,$9.76,$9.78,$16.68,"$28,626"
49-3051,Motorboat Mechanics & Service Technicians, 264 ,$26.00,$20.85,$26.00,$30.30,"$54,087"
53-5022,Motorboat Operators, 13 ,$32.24,$28.50,$31.89,$33.83,"$67,063"
49-3052,Motorcycle Mechanics, 91 ,$22.75,$17.66,$25.20,$28.06,"$47,311"
27-1014,Multimedia Artists & Animators," 1,322 ",$40.01,$26.96,$38.33,$50.31,"$83,209"
51-4081,"Multiple Machine Tool Setters/Oprs/Tenders, Metal/Plastic", 540 ,$20.97,$15.74,$18.63,$24.58,"$43,617"
25-4013,Museum Technicians & Conservators, 159 ,$21.53,$17.04,$20.80,$24.53,"$44,770"
27-2041,Music Directors & Composers, 140 ,$40.11,$22.94,$37.74,$61.11,"$83,442"
49-9063,Musical Instrument Repairers & Tuners,,$15.64,$11.06,$14.53,$19.15,"$32,525"
27-2042,Musicians & Singers, 616 ,$35.49,$30.77,$35.49,$41.87,
11-9121,Natural Sciences Managers," 1,068 ",$74.97,$53.21,$67.45,,"$155,938"
15-1142,Network and Computer Systems Administrators," 5,332 ",$44.03,$34.90,$43.76,$51.87,"$91,588"
43-4141,New Accounts Clerks, 275 ,$20.23,$17.59,$19.70,$22.75,"$42,090"
39-2021,Nonfarm Animal Caretakers," 2,357 ",$12.96,$10.65,$11.67,$13.72,"$26,972"
29-2033,Nuclear Medicine Technologists, 179 ,$43.60,$38.52,$43.76,$49.01,"$90,686"
29-1151,Nurse Anesthetists,,$81.48,$79.98,$86.91,,"$169,481"
29-1161,Nurse Midwives, 54 ,$46.35,$41.90,$45.95,$51.65,"$96,407"
29-1171,Nurse Practitioners," 1,227 ",$51.10,$44.46,$51.97,$58.51,"$106,288"
29-2061,"Nurses, Practical & Vocational (Licensed)"," 2,553 ",$26.31,$22.29,$25.97,$29.56,"$54,712"
31-1014,Nursing Assistants," 9,802 ",$15.73,$13.41,$15.13,$17.79,"$32,723"
25-1072,"Nursing Instructors & Teachers, Postsecondary", 578 ,,,,,"$75,722"
29-1064,Obstetricians & Gynecologists, 410 ,$112.84,$85.63,,,"$234,713"
29-9011,Occupational Health & Safety Specialists," 1,033 ",$38.28,$30.48,$38.68,$47.05,"$79,607"
29-9012,Occupational Health & Safety Technicians, 96 ,$33.81,$24.98,$30.91,$42.79,"$70,325"
29-1122,Occupational Therapists," 1,276 ",$41.04,$34.61,$41.22,$47.01,"$85,359"
31-2011,Occupational Therapy Assistants, 128 ,$26.42,$22.29,$28.29,$32.09,"$54,943"
43-1011,Office & Administrative Support Worker Supervisors," 12,647 ",$29.85,$22.31,$28.10,$36.11,"$62,087"
43-9199,"Office & Administrative Support Workers, All Other"," 3,153 ",$18.76,$14.80,$18.37,$21.98,"$39,020"
43-9061,"Office Clerks, General"," 24,304 ",$17.85,$13.84,$17.14,$21.27,"$37,117"
43-9071,"Office Machine Operators, Except Computer", 602 ,$17.41,$14.26,$17.14,$20.40,"$36,216"
47-2073,Operating Engineers & Construction Equipment Operators," 2,456 ",$31.78,$27.30,$32.68,$36.73,"$66,106"
15-2031,Operations Research Analysts," 2,142 ",$44.80,$35.72,$43.76,$51.51,"$93,181"
51-9083,Ophthalmic Laboratory Technicians, 151 ,$17.86,$14.22,$16.95,$21.19,"$37,165"
29-2057,Ophthalmic Medical Technicians, 444 ,$22.23,$17.91,$21.51,$26.09,"$46,230"
29-2081,"Opticians, Dispensing", 469 ,$25.22,$22.68,$25.98,$28.52,"$52,459"
29-1041,Optometrists, 438 ,$50.89,$24.63,$52.51,$59.03,"$105,842"
43-4151,Order Clerks," 2,543 ",$17.88,$13.56,$17.65,$21.63,"$37,178"
31-1015,Orderlies, 217 ,$16.25,$13.01,$14.86,$18.80,"$33,804"
29-2091,Orthotists & Prosthetists, 85 ,$31.37,$24.82,$28.84,$39.63,"$65,252"
49-3053,Outdoor Power Equipment & Other Small Engine Mechanics, 119 ,$18.95,$13.85,$17.34,$23.83,"$39,422"
51-9111,Packaging & Filling Machine Operators & Tenders," 1,780 ",$15.29,$12.12,$14.21,$17.67,"$31,796"
53-7064,"Packers & Packagers, Hand"," 9,295 ",$13.63,$10.64,$12.12,$14.90,"$28,351"
47-2141,"Painters, Construction & Maintenance"," 4,706 ",$22.04,$16.41,$19.75,$27.76,"$45,819"
51-9122,"Painters, Transportation Equipment"," 1,478 ",$29.82,$21.09,$27.81,$38.67,"$62,021"
51-9123,"Painting, Coating & Decorating Workers", 211 ,$22.11,$16.19,$19.03,$24.47,"$45,985"
51-9196,"Paper Goods Machine Setters, Operators & Tenders", 449 ,$20.18,$16.65,$19.77,$23.43,"$41,963"
23-2011,Paralegals & Legal Assistants," 3,009 ",$30.55,$25.02,$29.65,$36.10,"$63,538"
33-3041,Parking Enforcement Workers, 127 ,$26.40,$25.42,$27.32,$29.22,"$54,913"
53-6021,Parking Lot Attendants," 2,513 ",$12.30,$10.45,$11.35,$12.68,"$25,570"
41-2022,Parts Salespersons," 1,865 ",$18.58,$12.78,$17.75,$22.92,"$38,635"
47-2071,"Paving, Surfacing & Tamping Equipment Operators", 239 ,$27.34,$21.08,$25.09,$34.17,"$56,877"
43-3051,Payroll & Timekeeping Clerks," 1,634 ",$23.96,$20.48,$23.66,$28.00,"$49,827"
29-1065,"Pediatricians, General",,$101.66,$62.95,,,"$211,461"
39-9099,"Personal Care & Service Workers, All Other", 748 ,$13.24,$9.75,$12.13,$14.78,"$27,543"
39-9021,Personal Care Aides," 11,749 ",$12.64,$10.80,$11.90,$13.82,"$26,299"
13-2052,Personal Financial Advisors," 2,664 ",$58.87,$31.26,$43.53,$82.15,"$122,464"
39-1021,Personal Service Worker Supervisors," 1,706 ",$23.52,$16.70,$21.56,$29.12,"$48,907"
37-2021,Pest Control Workers, 437 ,$22.97,$17.38,$21.55,$27.89,"$47,795"
37-3012,"Pesticide Handlers, Sprayers & Applicators, Vegetation",,$19.14,$16.54,$18.10,$20.65,"$39,821"
17-2171,Petroleum Engineers,,$65.11,$59.37,$66.26,$73.53,"$135,414"
29-1051,Pharmacists," 2,660 ",$59.41,$53.51,$59.99,$68.61,"$123,565"
31-9095,Pharmacy Aides, 642 ,$15.01,$12.71,$14.40,$16.92,"$31,224"
29-2052,Pharmacy Technicians," 3,508 ",$20.68,$17.89,$20.81,$23.42,"$43,014"
25-1126,"Philosophy & Religion Teachers, Postsecondary", 196 ,,,,,"$73,104"
31-9097,Phlebotomists, 985 ,$17.91,$15.64,$17.61,$20.03,"$37,251"
27-4021,Photographers, 687 ,$20.53,$12.65,$17.84,$27.39,"$42,700"
51-9151,Photographic Process Workers & Processing Machine Oprs, 233 ,$21.60,$14.55,$22.34,$27.18,"$44,923"
19-2099,"Physical Scientists, All Other", 182 ,$52.56,$44.56,$51.48,$59.45,"$109,332"
31-2022,Physical Therapist Aides, 216 ,$14.04,$12.44,$13.85,$15.25,"$29,205"
31-2021,Physical Therapist Assistants, 520 ,$28.42,$25.01,$28.73,$33.55,"$59,114"
29-1123,Physical Therapists," 2,355 ",$43.49,$36.54,$42.74,$48.84,"$90,452"
29-1071,Physician Assistants, 863 ,$55.47,$48.33,$55.66,$64.00,"$115,378"
29-1069,"Physicians & Surgeons, All Other"," 2,224 ",$103.75,$72.84,,,"$215,813"
19-2012,Physicists, 332 ,$69.23,$44.96,$66.13,$89.18,"$143,987"
25-1054,"Physics Teachers, Postsecondary", 221 ,,,,,"$87,632"
47-3015,"Pipelayer, Plumber, Pipefitter & Steamfitter Helpers",,$25.45,$24.39,$26.67,$28.97,"$52,944"
47-2151,Pipelayers, 610 ,$27.73,$22.18,$28.04,$34.22,"$57,670"
51-8099,"Plant & System Operators, All Other", 55 ,$29.08,$27.09,$29.03,$31.95,"$60,500"
47-2161,Plasterers & Stucco Masons,,$32.37,$31.80,$34.64,$37.46,"$67,336"
51-4193,"Plating/Coating Machine Setters/Oprs/Tenders, Metal/Plastic", 307 ,$18.41,$13.94,$17.01,$22.99,"$38,309"
47-2152,"Plumbers, Pipefitters, & Steamfitters"," 5,076 ",$33.19,$21.23,$31.13,$44.44,"$69,023"
29-1081,Podiatrists,,$61.39,$56.99,$64.48,$71.07,"$127,684"
33-1012,Police & Detective Supervisors," 1,017 ",$53.02,$45.37,$53.11,$59.86,"$110,274"
33-3051,Police & Sheriff's Patrol Officers," 3,762 ",$40.26,$35.32,$41.03,$45.85,"$83,741"
43-5031,"Police, Fire & Ambulance Dispatchers", 683 ,$28.50,$24.91,$28.90,$33.74,"$59,283"
25-1065,"Political Science Teachers, Postsecondary", 277 ,,,,,"$86,597"
19-3094,Political Scientists, 104 ,$34.51,$24.89,$31.01,$41.62,"$71,786"
43-5051,Postal Service Clerks, 571 ,$25.28,$26.13,$27.94,$27.95,"$52,569"
43-5052,Postal Service Mail Carriers," 2,758 ",$25.58,$18.75,$29.17,$29.18,"$53,214"
43-5053,Postal Svc Mail Sorters/Processors & Processing Mach Oprs," 1,433 ",$25.87,$27.40,$27.93,$27.95,"$53,818"
11-9131,Postmasters & Mail Superintendents, 45 ,$40.47,$34.00,$39.15,$46.45,"$84,181"
25-1199,"Postsecondary Teachers, All Other", 599 ,,,,,"$74,748"
51-4052,"Pourers & Casters, Metal", 26 ,$19.94,$16.23,$19.28,$23.32,"$41,473"
51-8012,Power Distributors & Dispatchers, 93 ,$50.62,$43.51,$52.70,$58.50,"$105,290"
51-8013,Power Plant Operators, 116 ,$43.82,$42.16,$45.27,$48.39,"$91,153"
49-9069,"Precision Instrument & Equipment Repairers, All Other",,$29.11,$25.95,$28.15,$30.33,"$60,549"
51-5111,Prepress Technicians & Workers, 278 ,$22.51,$17.70,$21.76,$27.39,"$46,822"
25-2011,"Preschool Teachers, Except Special Education"," 4,122 ",$15.33,$12.36,$14.76,$17.92,"$31,896"
51-6021,"Pressers, Textile, Garment & Related Materials", 539 ,$15.10,$12.65,$15.74,$17.76,"$31,398"
51-5113,Print Binding & Finishing Workers, 398 ,$16.05,$12.70,$14.67,$18.36,"$33,378"
51-5112,Printing Press Operators," 1,551 ",$20.92,$17.13,$20.35,$24.04,"$43,504"
33-9021,Private Detectives & Investigators, 215 ,$25.98,$15.34,$23.73,$32.17,"$54,046"
21-1092,Probation Officers & Correctional Treatment Specialists, 592 ,$28.85,$25.31,$26.89,$32.47,"$60,007"
43-3061,Procurement Clerks, 426 ,$22.17,$18.44,$21.86,$25.79,"$46,112"
27-2012,Producers & Directors," 1,527 ",$35.13,$23.72,$30.32,$44.05,"$73,084"
51-1011,Production & Operating Worker Supervisors," 6,206 ",$36.38,$25.74,$35.74,$46.88,"$75,668"
51-9198,Production Worker Helpers," 2,965 ",$14.69,$10.94,$13.84,$17.56,"$30,561"
51-9199,"Production Workers, All Other"," 1,487 ",$15.04,$10.42,$11.80,$16.61,"$31,276"
43-5061,"Production, Planning & Expediting Clerks"," 5,696 ",$24.97,$18.45,$23.34,$32.40,"$51,935"
43-9081,Proofreaders & Copy Markers, 163 ,$19.22,$16.01,$18.52,$22.30,"$39,982"
11-9141,"Property, Real Estate & Community Association Managers"," 1,516 ",$41.18,$27.08,$35.24,$53.50,"$85,665"
33-1099,"Protective Service Worker Supervisors, All Other", 810 ,$25.48,$16.24,$23.50,$30.47,"$52,996"
33-9099,"Protective Service Workers, All Other", 916 ,$22.76,$15.52,$17.85,$26.85,"$47,346"
31-1013,Psychiatric Aides, 282 ,$13.39,$9.67,$11.76,$15.94,"$27,849"
29-2053,Psychiatric Technicians, 111 ,$20.48,$18.35,$20.64,$22.65,"$42,609"
29-1066,Psychiatrists, 124 ,$91.76,$51.30,,,"$190,857"
19-3039,"Psychologists, All Other", 178 ,$47.69,$38.50,$46.34,$53.57,"$99,187"
25-1066,"Psychology Teachers, Postsecondary", 434 ,,,,,"$77,203"
11-2031,Public Relations & Fundraising Managers," 1,445 ",$54.25,$39.13,$49.02,$64.71,"$112,824"
27-3031,Public Relations Specialists," 3,087 ",$34.19,$23.92,$32.17,$40.47,"$71,126"
13-1023,"Purchasing Agents & Buyers, Farm Products"," 7,277 ",$36.72,$27.56,$35.65,$45.79,"$76,373"
11-3061,Purchasing Managers," 1,422 ",$64.99,$47.47,$61.75,$78.37,"$135,195"
29-1124,Radiation Therapists, 187 ,$50.42,$42.36,$50.31,$59.01,"$104,878"
27-3011,Radio & Television Announcers, 252 ,$27.25,$11.69,$17.22,$25.42,"$56,670"
49-2021,"Radio, Cellular & Tower Equipment Installers/Repairers", 406 ,$30.01,$24.57,$29.70,$35.56,"$62,420"
29-2034,Radiologic Technologists & Technicians," 1,749 ",$34.20,$28.52,$33.43,$39.24,"$71,126"
49-3043,Rail Car Repairers, 308 ,$25.73,$24.94,$27.12,$29.30,"$53,520"
47-4061,Rail Track Laying & Maintenance Equipment Operators,,$23.16,$20.75,$22.42,$24.10,"$48,177"
53-4031,Railroad Conductors & Yardmasters,,$27.50,$21.05,$27.31,$34.17,"$57,181"
41-9021,Real Estate Brokers, 304 ,$41.68,$25.46,$32.97,$54.03,"$86,681"
41-9022,Real Estate Sales Agents," 4,634 ",$26.80,$15.78,$22.09,$29.36,"$55,729"
43-4171,Receptionists & Information Clerks," 9,601 ",$16.43,$13.39,$16.05,$19.05,"$34,180"
25-1193,"Recreation & Fitness Studies Teachers, Postsecondary", 140 ,,,,,"$53,626"
39-9032,Recreation Workers," 2,705 ",$15.22,$10.93,$12.86,$17.49,"$31,663"
29-1125,Recreational Therapists, 78 ,$30.90,$23.76,$32.32,$37.58,"$64,268"
49-3092,Recreational Vehicle Service Technicians,,$23.13,$19.62,$24.95,$27.93,"$48,100"
53-7081,Refuse & Recyclable Material Collectors, 942 ,$23.43,$17.89,$23.30,$29.26,"$48,726"
29-1141,Registered Nurses," 24,704 ",$40.11,$32.72,$39.70,$47.77,"$83,432"
21-1015,Rehabilitation Counselors," 2,175 ",$21.81,$14.43,$17.91,$26.22,"$45,358"
47-2171,Reinforcing Iron & Rebar Workers,,$29.47,$22.23,$30.75,$36.03,"$61,289"
21-2099,"Religious Workers, All Other", 246 ,$14.60,$9.62,$11.32,$15.69,"$30,364"
27-3022,Reporters & Correspondents, 541 ,$24.16,$13.45,$19.73,$31.36,"$50,238"
43-4181,Reservation/Transportation Ticket Agents/Travel Clerks," 1,629 ",$16.62,$12.23,$15.73,$20.78,"$34,569"
39-9041,Residential Advisors, 440 ,$14.49,$11.69,$13.34,$14.82,"$30,154"
29-1126,Respiratory Therapists, 875 ,$34.43,$30.05,$34.67,$38.92,"$71,613"
29-2054,Respiratory Therapy Technicians, 12 ,$25.59,$18.98,$24.54,$29.43,"$53,210"
41-2031,Retail Salespersons," 50,315 ",$14.85,$10.69,$12.29,$15.55,"$30,882"
49-9096,Riggers, 98 ,$26.93,$25.14,$27.45,$29.58,"$56,029"
51-4023,Rolling Machine Setters/Operators & Tenders/Metal & Plastic, 183 ,$20.79,$15.45,$18.28,$22.61,"$43,249"
47-2181,Roofers," 1,438 ",$24.83,$19.44,$25.75,$29.29,"$51,653"
53-5011,Sailors & Marine Oilers," 3,348 ",$23.84,$22.97,$24.60,$26.10,"$49,592"
41-9099,"Sales & Related Workers, All Other"," 1,575 ",$18.69,$13.18,$15.54,$21.80,"$38,868"
41-9031,Sales Engineers, 875 ,$57.84,$42.44,$56.50,$70.09,"$120,313"
11-2022,Sales Managers," 5,043 ",$63.56,$41.04,$57.93,$78.08,"$132,196"
41-3099,"Sales Representatives, Services, All Other"," 10,796 ",$29.87,$18.30,$25.76,$36.16,"$62,117"
41-4012,"Sales Reps/Wholesale/Mfg, Except Tech/Science Products"," 20,597 ",$35.88,$20.96,$31.48,$45.54,"$74,632"
41-4011,"Sales Reps/Wholesale/Mfg, Tech/Scientific Products"," 3,418 ",$43.71,$23.36,$41.28,$58.95,"$90,917"
41-1012,"Sales Worker Supervisors, Non-Retail"," 2,714 ",$43.49,$27.84,$37.38,$55.56,"$90,452"
41-1011,"Sales Worker Supervisors, Retail"," 9,954 ",$22.88,$17.44,$21.62,$26.89,"$47,591"
51-7041,"Sawing Machine Setters/Operators & Tenders, Wood", 188 ,$18.16,$15.66,$17.94,$21.09,"$37,778"
25-2031,"Secondary School Teachers, Except Spec/Voc/Tech Education"," 4,460 ",,,,,"$65,648"
43-6014,"Secretaries & Admin Assts, Except Legal/Medical & Exec"," 16,136 ",$20.73,$16.84,$20.58,$24.45,"$43,124"
41-3031,"Securities, Commodities & Financial Services Sales Agents"," 3,763 ",$49.12,$20.02,$34.40,$72.97,"$102,168"
49-2098,Security & Fire Alarm Systems Installers, 347 ,$22.72,$16.59,$23.33,$28.05,"$47,270"
33-9032,Security Guards," 11,583 ",$17.33,$12.41,$14.90,$20.51,"$36,038"
25-3021,Self-Enrichment Education Teachers," 3,800 ",$21.57,$15.19,$20.11,$26.80,"$44,851"
51-9141,Semiconductor Processors, 75 ,$19.51,$14.36,$17.46,$23.96,"$40,575"
51-9012,Separating & Filtering Machine Setters/Operators/Tenders, 405 ,$17.95,$13.69,$16.67,$21.35,"$37,349"
47-4071,Septic Tank Servicers & Sewer Pipe Cleaners, 288 ,$19.34,$12.66,$18.38,$25.56,"$40,239"
27-1027,Set & Exhibit Designers, 98 ,$27.13,$21.01,$26.35,$32.62,"$56,436"
51-6031,Sewing Machine Operators," 2,794 ",$14.64,$11.71,$13.92,$16.94,"$30,439"
39-5093,Shampooers,,$11.14,$10.33,$11.02,$11.72,"$23,158"
47-2211,Sheet Metal Workers," 2,204 ",$29.79,$21.15,$28.12,$36.91,"$61,970"
53-5031,Ship Engineers, 700 ,$40.49,$36.90,$43.62,$43.81,"$84,218"
43-5071,"Shipping, Receiving & Traffic Clerks"," 8,522 ",$18.54,$14.10,$17.48,$21.77,"$38,570"
49-9097,Signal & Track Switch Repairers, 87 ,$33.93,$29.08,$34.09,$39.04,"$70,562"
39-5094,Skincare Specialists, 429 ,$15.91,$11.19,$13.33,$16.73,"$33,090"
51-3023,Slaughterers & Meat Packers, 240 ,$12.52,$11.05,$12.21,$13.92,"$26,039"
11-9151,Social & Community Service Managers," 1,123 ",$35.68,$25.68,$32.38,$43.20,"$74,224"
21-1093,Social & Human Service Assistants," 2,895 ",$17.39,$14.10,$16.66,$19.33,"$36,157"
19-4061,Social Science Research Assistants, 284 ,$19.01,$16.27,$18.03,$21.01,"$39,535"
25-1069,"Social Sciences Teachers, Postsecondary, All Other", 117 ,,,,,"$71,217"
19-3099,"Social Scientists and Related Workers, All Other", 343 ,$32.87,$23.34,$31.50,$40.18,"$68,367"
25-1113,"Social Work Teachers, Postsecondary", 166 ,,,,,
21-1029,"Social Workers, All Other", 292 ,$29.62,$22.88,$30.34,$37.74,"$61,620"
25-1067,"Sociology Teachers, Postsecondary", 128 ,,,,,"$81,007"
15-1132,"Software Developers, Applications"," 46,233 ",$59.76,$49.85,$58.48,$70.25,"$124,306"
15-1133,"Software Developers, Systems Software"," 10,494 ",$56.80,$47.18,$56.76,$67.48,"$118,148"
19-1013,Soil & Plant Scientists, 21 ,$38.40,$31.47,$36.22,$43.91,"$79,861"
27-4014,Sound Engineering Technicians, 267 ,$36.17,$23.20,$34.97,$51.51,"$75,235"
25-2052,"Special Ed Teachers, Kindergarten & Elementary School"," 1,069 ",,,,,"$61,346"
25-2059,"Special Education Teachers, All Other", 34 ,,,,,"$50,491"
25-2053,"Special Education Teachers, Middle School", 383 ,,,,,"$62,097"
25-2051,"Special Education Teachers, Preschool", 192 ,,,,,"$61,083"
25-2054,"Special Education Teachers, Secondary School", 670 ,,,,,"$62,828"
29-1127,Speech-Language Pathologists," 1,408 ",$38.75,$31.96,$37.39,$45.34,"$80,601"
51-8021,Stationary Engineers & Boiler Operators, 168 ,$33.24,$27.22,$33.43,$38.73,"$69,135"
43-9111,Statistical Assistants, 377 ,$26.41,$20.80,$26.86,$31.53,"$54,944"
15-2041,Statisticians, 703 ,$45.07,$35.22,$43.93,$51.13,"$93,749"
43-5081,Stock Clerks & Order Fillers," 18,395 ",$16.33,$11.77,$14.94,$20.61,"$33,965"
47-2022,Stonemasons, 289 ,$21.60,$16.59,$22.39,$27.38,"$44,935"
47-2221,Structural Iron & Steel Workers, 798 ,$40.39,$39.94,$43.10,$46.26,"$84,015"
51-2041,Structural Metal Fabricators & Fitters, 982 ,$22.69,$16.88,$19.47,$26.12,"$47,199"
21-1011,Substance Abuse & Behavioral Disorder Counselors," 1,095 ",$18.92,$13.92,$18.33,$22.65,"$39,352"
25-3098,Substitute Teachers," 5,001 ",$19.69,$17.46,$19.87,$22.25,"$40,955"
29-1067,Surgeons, 359 ,$110.21,$64.16,,,"$229,245"
29-2055,Surgical Technologists, 927 ,$26.87,$22.29,$26.45,$30.47,"$55,899"
19-3022,Survey Researchers, 150 ,$29.88,$20.68,$27.77,$37.23,"$62,138"
17-3031,Surveying & Mapping Technicians, 529 ,$27.75,$22.72,$27.91,$33.56,"$57,725"
17-1022,Surveyors, 363 ,$36.39,$28.55,$37.85,$45.92,"$75,701"
43-2011,"Switchboard Operators, Including Answering Service",,$17.42,$14.77,$16.84,$18.76,"$36,216"
51-6052,"Tailors, Dressmakers & Custom Sewers",,$14.15,$12.36,$14.05,$16.10,"$29,418"
53-7121,"Tank Car, Truck & Ship Loaders", 130 ,$25.90,$16.01,$21.59,$35.54,"$53,870"
47-2082,Tapers," 1,361 ",$27.40,$21.22,$23.51,$33.95,"$56,999"
13-2081,"Tax Examiners, Collectors & Revenue Agents", 428 ,$32.80,$25.19,$29.22,$39.97,"$68,227"
13-2082,Tax Preparers,,$19.57,$14.18,$17.12,$22.09,"$40,699"
53-3041,Taxi Drivers & Chauffeurs," 2,784 ",$14.33,$11.05,$13.35,$17.54,"$29,818"
25-9041,Teacher Assistants," 12,323 ",,,,,"$34,635"
25-3097,"Teachers & Instructors, All Other, Exc Substitute Teachers"," 2,730 ",,,,,"$42,051"
51-2092,Team Assemblers," 6,794 ",$17.62,$13.38,$16.49,$20.92,"$36,635"
27-3042,Technical Writers, 869 ,$40.06,$31.90,$39.67,$47.80,"$83,320"
49-2022,"Telecom Equip Installers/Repairers, Except Line"," 2,413 ",$26.77,$19.22,$25.91,$33.64,"$55,685"
49-9052,Telecommunications Line Installers & Repairers, 582 ,$26.98,$18.36,$25.14,$35.40,"$56,130"
41-9041,Telemarketers," 2,011 ",$14.25,$11.05,$13.48,$16.74,"$29,649"
43-3071,Tellers," 3,588 ",$14.99,$12.99,$14.48,$16.91,"$31,171"
47-2053,Terrazzo Workers & Finishers,,$17.29,$13.24,$15.25,$22.07,"$35,950"
51-6062,"Textile Cutting Machine Setters,Operators & Tenders", 37 ,$14.37,$11.18,$13.93,$17.52,"$29,887"
51-6063,"Textile Knitting/Weaving Machine Setters,Oprs & Tenders", 42 ,$15.91,$14.39,$16.24,$17.79,"$33,103"
29-1129,"Therapists, All Other", 26 ,$32.08,$26.92,$31.87,$36.67,"$66,713"
47-2044,Tile & Marble Setters, 749 ,$25.40,$21.47,$24.67,$29.62,"$52,832"
49-3093,Tire Repairers & Changers," 1,369 ",$14.47,$11.61,$13.80,$16.55,"$30,098"
23-2093,"Title Examiners, Abstractors, & Searchers", 383 ,$23.64,$18.44,$22.90,$28.04,"$49,172"
51-4111,Tool & Die Makers, 997 ,,,,,
51-4194,"Tool Grinders, Filers & Sharpeners", 151 ,$32.47,$20.14,$33.55,$45.88,"$67,543"
39-7011,Tour Guides & Escorts, 413 ,$16.46,$10.85,$13.71,$21.79,"$34,233"
53-6041,Traffic Technicians, 16 ,$31.55,$27.03,$32.19,$37.52,"$65,637"
11-3131,Training & Development Managers, 401 ,$54.84,$43.72,$52.91,$67.60,"$114,073"
13-1151,Training & Development Specialists," 3,241 ",$34.77,$25.67,$34.39,$44.20,"$72,320"
33-3052,Transit & Railroad Police,,$22.25,$18.32,$21.16,$23.70,"$46,286"
53-6061,"Transportation Attendants, Except Flight Attendants",,$14.64,$12.93,$13.97,$15.02,"$30,440"
53-6051,Transportation Inspectors, 324 ,$51.06,$43.61,$53.10,$60.28,"$106,203"
53-6099,"Transportation Workers, All Other", 348 ,$21.51,$14.95,$20.98,$24.25,"$44,732"
11-3071,"Transportation, Storage & Distribution Managers"," 1,623 ",$52.34,$36.99,$51.20,$65.30,"$108,864"
53-1031,Transportation/Material Moving Vehicle Operator Supervisors," 2,493 ",$32.87,$22.35,$31.91,$40.00,"$68,367"
41-3041,Travel Agents, 903 ,$20.79,$15.40,$21.35,$25.38,"$43,255"
39-7012,Travel Guides, 21 ,$25.15,$20.12,$26.11,$28.82,"$52,302"
37-3013,Tree Trimmers & Pruners, 47 ,$28.64,$26.30,$28.29,$30.27,"$59,573"
53-3032,"Truck Drivers, Heavy & Tractor-Trailer"," 11,027 ",$22.66,$17.29,$21.64,$27.94,"$47,137"
27-2023,"Umpires, Referees & Other Sports Officials", 368 ,,,,,"$44,617"
51-6093,Upholsterers, 219 ,$22.53,$16.07,$20.50,$27.60,"$46,862"
19-3051,Urban & Regional Planners," 1,102 ",$41.34,$35.02,$40.91,$47.30,"$85,988"
39-3031,"Ushers, Lobby Attendants & Ticket Takers"," 2,678 ",$13.61,$10.95,$12.97,$16.14,"$28,318"
29-1131,Veterinarians, 646 ,$48.40,$37.81,$46.61,$59.49,"$100,668"
31-9096,Veterinary Assistants & Laboratory Animal Caretakers," 1,025 ",$14.81,$12.67,$14.25,$16.52,"$30,796"
29-2056,Veterinary Technologists & Technicians, 906 ,$18.23,$15.60,$17.49,$19.42,"$37,922"
25-1194,"Vocational Education Teachers, Postsecondary"," 2,464 ",$30.20,$22.56,$27.78,$35.75,"$62,817"
35-3031,Waiters & Waitresses," 24,508 ",$16.04,$10.28,$12.32,$18.98,"$33,366"
51-8031,Water & Wastewater Treatment Plant & System Operators, 580 ,$34.87,$30.37,$35.20,$39.96,"$72,524"
15-1134,Web Developers," 3,477 ",$44.75,$30.32,$44.63,$58.47,"$93,070"
43-5111,"Weighers/Measurers/Checkers & Samplers, Recordkeeping", 472 ,$17.89,$14.97,$17.76,$21.09,"$37,199"
51-4121,"Welders, Cutters, Solderers & Brazers"," 3,075 ",$24.33,$19.15,$23.15,$28.43,"$50,609"
51-4122,Welding/Soldering/Brazing Mach Setters/Operators & Tenders, 170 ,$23.70,$18.08,$24.15,$28.59,"$49,302"
13-1022,"Wholesale & Retail Buyers, Except Farm Products"," 2,135 ",$29.41,$22.29,$27.84,$35.29,"$61,166"
51-7099,"Woodworkers, All Other", 101 ,,,,,
51-7042,"Woodworking Machine Setters/Oprs & Tenders, Except Sawing", 863 ,$16.74,$13.40,$16.73,$20.16,"$34,818"
43-9022,Word Processors & Typists, 321 ,$28.44,$21.81,$27.51,$35.09,"$59,150"
27-3043,Writers & Authors, 905 ,$35.85,$24.18,$34.15,$44.37,"$74,565"
19-1023,Zoologists & Wildlife Biologists, 718 ,$40.19,$27.78,$36.51,$47.97,"$83,604"
,,,,,,,
Back to top,,,,,,,
