"Seattle-Bellevue-Everett, WA MSA",,,,,,,
2011 Occupational Employment,,,,,,,
and Wage Estimates,,,,,,,
Includes King and Snohomish Counties,,,,,,,
,,,,,,,
,,,,,,,
SOC,"Seattle-Bellevue-Everett, WA MSA",Estimated,Average,,Percentiles,,Annual
Code,Occupational Title,Employment,Wage,25th,50th,75th,Wage
,,,,,,,
13-2011,Accountants & Auditors,"12,160",$33.13,$25.50,$31.34,$39.37,"$68,897"
27-2011,Actors,446,$17.89,$12.19,$15.80,$21.21,
11-3011,Administrative Svcs Mgrs,"2,813",$49.45,$37.84,$46.32,$59.20,"$102,870"
25-3011,"Adult Literacy, Remedial Ed, GED Teachers/Inst","1,636",$21.66,$16.66,$21.06,$26.56,"$45,053"
11-2011,Advertising & Promotions Mgrs,418,$49.64,$33.37,$43.20,$61.96,"$103,237"
41-3011,Advertising Sales Agents,"1,836",$28.61,$16.37,$22.10,$36.92,"$59,512"
17-3021,Aerospace Engineering & Operations Technicians,435,$31.01,$24.07,$30.79,$37.21,"$64,502"
19-4011,Agricultural & Food Science Technicians,38,$20.30,$16.84,$20.99,$24.80,"$42,230"
45-2011,Agricultural Inspectors,55,$22.83,$17.12,$21.28,$27.88,"$47,493"
53-2021,Air Traffic Controllers,484,$57.92,$43.35,$63.77,$72.08,"$120,487"
53-1011,Aircraft Cargo Handling Supervisors,160,$25.94,$15.25,$20.95,$39.11,"$53,953"
49-3011,Aircraft Mechanics & Svc Technicians,"4,391",$25.89,$19.78,$26.01,$32.20,"$53,856"
53-2011,"Airline Pilots, Copilots, & Flight Engineers",594,,,,,"$112,008"
39-3091,Amusement & Recreation Attendants,"3,023",$10.61,$9.17,$9.75,$11.23,"$22,074"
29-1061,Anesthesiologists,272,$116.87,,,,"$243,088"
39-2011,Animal Trainers,104,$18.75,$13.04,$16.76,$21.35,"$39,000"
19-3091,Anthropologists & Archeologists,66,$27.14,$20.67,$23.44,$31.86,"$56,443"
25-1061,"Anthropology & Archeology Teachers, Postsecondary",81,,,,,"$72,858"
17-1011,"Architects, Not Landscape & Naval","2,078",$34.49,$22.31,$29.49,$39.52,"$71,739"
17-3011,Architectural & Civil Drafters,"1,274",$23.79,$17.37,$22.75,$29.07,"$49,496"
25-4011,Archivists,77,$26.65,$20.44,$25.86,$31.50,"$55,435"
25-1062,"Area, Ethnic, & Cultural Studies Teachers, Postsec",94,,,,,"$71,850"
27-1011,Art Directors,639,$45.29,$31.27,$43.32,$55.76,"$94,215"
25-1121,"Art, Drama, & Music Teachers, Postsecondary",594,,,,,"$60,120"
27-1019,"Artists & Related Workers, All Other",98,$20.99,$16.04,$17.50,$23.72,"$43,668"
51-2099,"Assemblers & Fabricators, All Other","3,086",$15.11,$11.68,$14.45,$17.72,"$31,420"
27-2021,Athletes & Sports Competitors,141,,,,,"$115,236"
29-9091,Athletic Trainers,164,,,,,"$43,411"
19-2021,Atmospheric & Space Scientists,156,$42.20,$30.92,$40.33,$52.50,"$87,777"
25-1051,"Atmospheric/Earth/Marine/Space Sci Teachers, Postsec",191,,,,,"$93,475"
27-4011,Audio & Video Equipment Technicians,490,$22.06,$15.89,$20.99,$27.83,"$45,875"
29-1181,Audiologists,92,$35.15,$28.53,$34.32,$43.18,"$73,101"
25-9011,Audio-Visual Collections Specialists,104,$23.00,$19.95,$22.40,$25.44,"$47,832"
49-3021,Automotive Body & Related Repairers,895,$23.78,$17.30,$21.73,$27.83,"$49,458"
49-3023,Automotive Svc Technicians & Mechanics,"4,445",$19.54,$12.96,$18.48,$24.36,"$40,655"
39-6011,Baggage Porters & Bellhops,632,$12.15,$9.10,$9.77,$14.20,"$25,273"
33-3011,Bailiffs,92,$22.63,$19.44,$22.45,$26.01,"$47,070"
51-3011,Bakers,"1,607",$14.69,$11.45,$14.49,$17.64,"$30,548"
35-3011,Bartenders,"5,671",$13.69,$9.86,$13.15,$15.88,"$28,480"
43-3011,Bill & Account Collectors,"2,847",$17.62,$13.00,$17.09,$21.54,"$36,641"
43-3021,Billing & Posting Clerks & Machine Operators,"4,580",$18.97,$16.12,$18.76,$21.77,"$39,449"
19-1021,Biochemists & Biophysicists,140,$37.15,$21.12,$29.21,$45.08,"$77,278"
25-1042,"Biological Science Teachers, Postsecondary",518,,,,,"$91,935"
19-1029,"Biological Scientists, All Other",795,$32.55,$22.41,$30.72,$41.00,"$67,705"
19-4021,Biological Technicians,"2,159",$20.86,$16.84,$20.13,$24.24,"$43,386"
17-2031,Biomedical Engineers,240,$38.73,$26.81,$38.86,$49.01,"$80,553"
47-2011,Boilermakers,146,$21.76,$16.54,$22.15,$26.68,"$45,255"
43-3031,"Bookkeeping, Accounting, & Auditing Clerks","18,589",$19.49,$15.97,$19.07,$22.68,"$40,529"
47-3011,Brick/Block/Stonemason & Tile/Marble Setter Helpers,141,$23.13,$15.29,$21.14,$31.69,"$48,124"
47-2021,Brickmasons & Blockmasons,326,$30.32,$28.55,$31.92,$34.73,"$63,054"
27-3021,Broadcast News Analysts,22,$49.35,$27.22,$47.25,$58.19,"$102,643"
27-4012,Broadcast Technicians,257,$19.15,$11.78,$17.57,$24.71,"$39,828"
43-4011,Brokerage Clerks,562,$21.09,$17.14,$20.00,$25.25,"$43,862"
49-3031,Bus & Truck Mechanics & Diesel Engine Specialists,"3,192",$24.98,$20.80,$25.70,$29.81,"$51,965"
53-3022,"Bus Drivers, School","3,585",$18.62,$16.74,$18.90,$20.90,"$38,726"
13-1199,"Business Operations Specialists, All Other","15,808",$34.88,$26.30,$33.37,$42.45,"$72,553"
25-1011,"Business Teachers, Postsecondary",602,,,,,"$74,668"
51-3021,Butchers & Meat Cutters,889,$19.36,$18.52,$20.39,$22.04,"$40,269"
51-7011,Cabinetmakers & Bench Carpenters,"1,054",$16.84,$13.62,$16.25,$19.29,"$35,027"
29-2031,Cardiovascular Technologists & Technicians,286,$32.19,$23.15,$34.53,$40.80,"$66,950"
43-5011,Cargo & Freight Agents,"1,468",$23.38,$17.51,$22.77,$27.60,"$48,633"
47-2031,Carpenters,"10,337",$25.46,$20.13,$25.11,$31.11,"$52,949"
47-3012,Carpenters Helpers,339,$17.07,$13.82,$15.92,$20.63,"$35,513"
47-2041,Carpet Installers,178,$23.34,$14.31,$20.18,$31.08,"$48,547"
17-1021,Cartographers & Photogrammetrists,162,$36.76,$26.41,$34.94,$42.41,"$76,467"
41-2011,Cashiers,"26,857",$12.22,$9.34,$10.85,$13.90,"$25,404"
47-2051,Cement Masons & Concrete Finishers,757,$28.05,$22.61,$28.36,$35.68,"$58,344"
51-9191,Cementing & Gluing Machine Operators & Tenders,60,$12.27,$10.52,$11.90,$13.75,"$25,532"
35-1011,Chefs & Head Cooks,"1,201",$21.58,$16.56,$19.04,$25.57,"$44,888"
17-2041,Chemical Engineers,107,$39.38,$28.09,$37.21,$49.99,"$81,912"
51-9011,Chemical Equipment Operators & Tenders,70,$22.57,$16.54,$21.46,$29.12,"$46,946"
19-4031,Chemical Technicians,328,$19.37,$15.03,$18.48,$22.54,"$40,287"
25-1052,"Chemistry Teachers, Postsecondary",183,,,,,"$82,169"
19-2031,Chemists,640,$35.31,$26.83,$33.62,$42.99,"$73,450"
11-1011,Chief Executives,"1,695",$104.78,$78.37,,,"$217,935"
39-9011,Child Care Workers,"5,759",$11.92,$9.72,$11.20,$13.75,"$24,779"
21-1021,"Child, Family, & School Social Workers",971,$20.30,$15.63,$18.71,$24.87,"$42,232"
17-3022,Civil Engineering Technicians,782,$27.64,$23.15,$27.63,$32.60,"$57,477"
17-2051,Civil Engineers,"5,942",$39.97,$31.33,$38.17,$46.53,"$83,135"
13-1031,"Claims Adjusters, Examiners, & Investigators","3,283",$31.46,$23.99,$29.79,$37.73,"$65,427"
53-7061,Cleaners of Vehicles & Equipment,"2,519",$13.11,$10.57,$12.04,$14.52,"$27,275"
51-9192,Cleaning/Washing/Metal Pickling Equipment Ops & Tenders,175,$17.68,$11.72,$15.54,$23.05,"$36,757"
21-2011,Clergy,197,$26.20,$18.50,$26.28,$31.65,"$54,481"
19-3031,"Clinical, Counseling, & School Psychologists",739,$38.66,$28.69,$35.51,$43.86,"$80,411"
27-2022,Coaches & Scouts,"2,927",,,,,"$35,171"
51-9121,Coating/Painting/Spraying Machine Setters/Ops/Tenders,434,$16.47,$13.41,$15.66,$18.89,"$34,257"
49-9091,"Coin, Vending, & Amusement Machine Svcrs & Repairers",448,$17.53,$13.69,$17.50,$21.29,"$36,462"
27-1021,Commercial & Industrial Designers,547,$29.49,$21.83,$29.00,$36.32,"$61,333"
53-2012,Commercial Pilots,576,,,,,"$77,128"
25-1122,"Communications Teachers, Postsecondary",208,,,,,"$58,892"
21-1798,"Community & Social Service Specialists, All Other","1,269",$23.80,$17.64,$23.10,$30.32,"$49,501"
11-3111,Compensation & Benefits Mgrs,306,$56.16,$39.37,$49.17,$65.64,"$116,808"
13-1141,"Compensation, Benefits, & Job Analysis Specialists","1,111",$35.02,$26.01,$32.23,$41.21,"$72,847"
13-1041,Compliance Ofcrs (Not Agric/Const/Safety/Transportn),"2,466",$31.93,$24.44,$29.90,$38.01,"$66,418"
15-1111,"Computer & Information Scientists, Research",575,$57.34,$46.81,$55.75,$68.26,"$119,274"
11-3021,Computer & Information Systems Mgrs,"6,758",$65.19,$50.75,$61.69,$75.26,"$135,613"
43-9011,Computer Operators,824,$22.36,$18.33,$22.11,$26.07,"$46,506"
15-1131,Computer Programmers,"7,607",$45.26,$38.35,$44.91,$53.16,"$94,149"
25-1021,"Computer Science Teachers, Postsecondary",228,,,,,"$78,408"
15-1132,"Computer Software Engineers, Applications","23,626",$47.15,$38.96,$46.61,$55.35,"$98,074"
15-1133,"Computer Software Engineers, Systems Software","14,064",$50.20,$40.70,$46.82,$56.75,"$104,407"
15-1121,Computer Systems Analysts,"9,510",$43.31,$34.98,$41.72,$49.91,"$90,096"
49-2011,"Computer, Automated Teller, & Office Machine Repairers",824,$18.29,$14.97,$17.29,$20.77,"$38,033"
51-4011,"Computer-Controlled Machine Tool Ops, Mtl/Plastic","2,021",$24.58,$17.75,$24.08,$31.40,"$51,144"
47-4011,Construction & Building Inspectors,"1,116",$32.16,$26.31,$32.37,$38.41,"$66,888"
47-4799,"Construction & Related Workers, All Other",534,$20.73,$13.66,$20.92,$26.50,"$43,110"
47-2061,Construction Laborers,"5,232",$19.94,$14.94,$18.05,$24.53,"$41,465"
11-9021,Construction Mgrs,"2,452",$53.63,$38.38,$49.75,$61.78,"$111,546"
47-1011,"Construction Trades/Extraction Wkrs, 1st-Line Spvrs of ","5,267",$37.37,$29.14,$36.35,$43.99,"$77,738"
49-9012,Control & Valve Installers & Repairers (Not Mech Door),221,$35.05,$26.76,$33.17,$45.85,"$72,889"
53-7011,Conveyor Operators & Tenders,193,$15.84,$14.78,$15.94,$17.33,"$32,945"
35-2019,"Cooks, All Other","1,254",$13.39,$10.63,$12.90,$15.55,"$27,836"
35-2011,"Cooks, Fast Food","1,457",$9.80,$9.03,$9.34,$9.98,"$20,388"
35-2012,"Cooks, Institution & Cafeteria","2,252",$14.99,$12.55,$14.82,$17.40,"$31,180"
35-2014,"Cooks, Restaurant","11,770",$12.96,$11.41,$13.08,$14.50,"$26,966"
35-2015,"Cooks, Short Order",914,$12.57,$10.46,$11.72,$13.76,"$26,126"
51-9193,Cooling & Freezing Equipment Operators & Tenders,85,$20.83,$13.42,$19.18,$29.17,"$43,327"
13-1051,Cost Estimators,"2,657",$33.51,$26.34,$32.23,$40.70,"$69,696"
39-3092,Costume Attendants,46,$18.83,$16.62,$19.48,$22.01,"$39,167"
21-1019,"Counselors, All Other",54,$25.65,$21.77,$25.22,$27.18,"$53,338"
41-2021,Counter & Rental Clerks,"7,115",$13.26,$10.19,$12.51,$15.36,"$27,573"
35-3022,"Counter Attendants, Cafeteria, Concession, Coffee Shop","11,592",$9.87,$9.05,$9.33,$9.79,"$20,536"
43-5021,Couriers & Messengers,701,$15.74,$12.44,$14.91,$18.80,"$32,742"
27-1012,Craft Artists,25,$16.77,$13.07,$15.67,$21.32,"$34,883"
53-7021,Crane & Tower Operators,705,$36.20,$33.22,$37.76,$41.10,"$75,297"
13-2041,Credit Analysts,620,$33.92,$25.07,$32.13,$40.16,"$70,543"
43-4041,"Credit Authorizers, Checkers, & Clerks",631,$21.53,$17.81,$21.01,$24.33,"$44,787"
25-1111,"Criminal Justice & Law Enforcement Teachers, Postsec",10,,,,,"$51,493"
33-9091,Crossing Guards,849,$15.73,$9.53,$12.15,$23.35,"$32,720"
51-9021,Crush/Grind/Polishing Machine Setters/Ops/Tenders,274,$16.34,$13.09,$15.95,$19.06,"$33,984"
25-4012,Curators,99,$29.28,$22.95,$27.40,$34.40,"$60,901"
43-4051,Customer Svc Reps,"15,572",$17.83,$14.16,$16.94,$20.41,"$37,080"
51-4031,"Cut/Punch/Press Mach Setters/Ops/Tenders, Mtl/Plastic",876,$18.46,$13.67,$17.53,$21.92,"$38,396"
51-9031,"Cutters & Trimmers, Hand",215,$13.71,$11.55,$13.87,$15.78,"$28,507"
43-9021,Data Entry Keyers,"1,981",$15.24,$12.00,$14.63,$17.87,"$31,704"
15-1141,Database Administrators,"1,882",$41.48,$32.31,$42.27,$50.98,"$86,271"
41-9011,Demonstrators & Product Promoters,952,$12.72,$9.25,$10.27,$14.20,"$26,455"
31-9091,Dental Assistants,"4,269",$19.19,$16.02,$19.69,$22.34,"$39,920"
29-2021,Dental Hygienists,"2,402",$44.68,$39.91,$43.95,$49.98,"$92,947"
51-9081,Dental Laboratory Technicians,375,$23.08,$17.93,$24.03,$27.89,"$47,999"
29-1029,"Dentists, All Other Specialists",26,$82.82,$63.98,$78.98,,"$172,279"
29-1021,"Dentists, General",498,$98.70,$75.19,,,"$205,288"
27-1029,"Designers, All Other",158,$23.83,$16.75,$22.50,$27.84,"$49,577"
43-9031,Desktop Publishers,258,$19.49,$16.44,$18.73,$22.51,"$40,528"
29-2032,Diagnostic Medical Sonographers,496,$39.19,$35.02,$39.65,$43.97,"$81,498"
29-1031,Dietitians & Nutritionists,402,$29.52,$25.82,$29.42,$33.75,"$61,398"
35-9011,Dining Room & Cafeteria Attendants & Bartender Helpers,"4,214",$10.16,$9.05,$9.35,$10.01,"$21,143"
35-9021,Dishwashers,"3,994",$10.29,$9.22,$9.88,$11.08,"$21,383"
43-5032,"Dispatchers, Not Police, Fire, & Ambulance","1,686",$21.68,$16.34,$20.63,$26.76,"$45,089"
17-3019,"Drafters, All Other",317,$26.70,$21.54,$26.25,$32.55,"$55,548"
53-3031,Driver/Sales Workers,"2,411",$15.66,$12.52,$14.62,$18.15,"$32,555"
47-2081,Drywall & Ceiling Tile Installers,"1,323",$24.81,$20.38,$24.12,$28.79,"$51,596"
25-1063,"Economics Teachers, Postsecondary",93,,,,,"$81,811"
27-3041,Editors,"1,612",$35.13,$22.24,$31.82,$45.65,"$73,073"
11-9031,"Educ Administrators, Preschool/Child Care Center/Pgms",829,$29.80,$25.65,$31.72,$34.80,"$61,978"
11-9039,"Education Administrators, All Other",283,$33.61,$22.80,$33.86,$42.56,"$69,910"
11-9032,"Education Administrators, Elem & Secondary School","1,478",,,,,"$101,191"
11-9033,"Education Administrators, Postsecondary",962,$48.41,$33.05,$41.35,$55.27,"$100,705"
25-1081,"Education Teachers, Postsecondary",630,,,,,"$58,350"
25-9099,"Education, Training, & Library Workers, All Other","1,949",$24.09,$17.83,$22.96,$28.67,"$50,099"
21-1012,"Educational, Vocational, & School Counselors","1,842",$27.67,$22.56,$26.73,$32.85,"$57,546"
49-2092,"Electric Motor, Power Tool, & Related Repairers",138,$20.96,$16.77,$20.53,$25.70,"$43,610"
17-3023,Electrical & Electronic Engineering Technicians,"1,167",$27.85,$22.10,$28.46,$32.73,"$57,920"
51-2022,Electrical & Electronic Equipment Assemblers,"2,218",$16.23,$13.03,$15.69,$18.89,"$33,757"
17-2071,Electrical Engineers,"2,618",$43.64,$34.59,$42.29,$52.64,"$90,758"
49-9051,Electrical Power-Line Installers & Repairers,607,$31.47,$28.30,$32.44,$35.93,"$65,462"
49-2094,"Electrical/Electronics Repairers, Industrial Equipmt",765,$32.11,$27.60,$33.54,$38.21,"$66,792"
49-2095,"Electrical/Electronics Repairers, Powerhouse/Relay",248,$34.36,$30.82,$34.37,$38.91,"$71,482"
47-2111,Electricians,"5,156",$33.44,$27.20,$34.13,$41.06,"$69,563"
49-2096,"Electronic Equipment Installers/Repairers, Motor Veh",237,$21.64,$13.52,$18.72,$28.23,"$44,994"
49-2097,Electronic Home Entertainment Equipment Install/Repair,280,$19.50,$15.72,$19.57,$22.74,"$40,568"
17-2072,"Electronics Engineers, Not Computer","3,613",$46.55,$38.31,$45.46,$54.45,"$96,816"
49-2093,"Electronics Install/Repair, Transprtn Equipmt",150,$24.11,$18.89,$24.37,$27.98,"$50,144"
25-2021,"Elementary School Teachers, Except Special Ed","9,655",,,,,"$59,555"
47-4021,Elevator Installers & Repairers,222,$40.48,$35.41,$43.08,$47.96,"$84,212"
43-4061,"Eligibility Interviewers, Government Programs","1,677",$22.08,$18.51,$22.45,$24.64,"$45,920"
11-9161,Emergency Management Directors,68,$38.33,$31.84,$37.89,$45.05,"$79,716"
29-2041,Emergency Medical Technicians & Paramedics,"1,484",$21.53,$11.76,$16.51,$31.38,"$44,786"
11-9041,Engineering Mgrs,"3,523",$63.59,$52.03,$61.12,$71.36,"$132,249"
25-1032,"Engineering Teachers, Postsecondary",356,,,,,"$105,872"
17-3029,"Engineering Technicians, Except Drafters, All Other","1,508",$32.70,$27.15,$33.55,$39.05,"$68,000"
25-1123,"English Language & Literature Teachers, Postsecondary",592,,,,,"$59,109"
27-2099,"Entertainers/Performers, Sports & Rel Wkrs, All Other",155,$21.42,$15.37,$22.02,$27.66,
17-3025,Environmental Engineering Technicians,143,$27.16,$22.88,$27.11,$32.68,"$56,486"
17-2081,Environmental Engineers,869,$42.63,$34.12,$43.95,$51.26,"$88,678"
19-4091,Environmental Science & Protection Techs (Inc Health),271,$22.35,$17.62,$21.32,$26.06,"$46,494"
19-2041,Environmental Scientists & Specialists (Inc Health),"2,000",$37.33,$27.28,$33.95,$45.46,"$77,637"
19-1041,Epidemiologists,100,$32.15,$23.05,$30.34,$36.30,"$66,865"
51-9194,Etchers & Engravers,42,$18.19,$14.12,$19.77,$21.95,"$37,836"
53-7032,Excavating & Loading Machine & Dragline Operators,379,$24.76,$19.97,$25.07,$27.89,"$51,490"
43-6011,Executive Secretaries & Administrative Assistants,"9,087",$24.98,$20.84,$24.37,$28.69,"$51,965"
29-1128,Exercise Physiologists,174,$27.40,$21.04,$26.43,$31.15,"$57,007"
51-9041,Extrude/Form/Press/Compact Machine Setters/Ops/Tenders,164,$16.28,$11.05,$14.28,$21.49,"$33,854"
29-1062,Family & General Practitioners,453,$65.32,$41.76,$67.36,,"$135,875"
45-1011,"Farming, Fishing, & Forestry Wkrs, 1st-Line Spvrs of ",111,$28.55,$20.94,$25.18,$31.20,"$59,390"
45-2092,"Farmworkers & Laborers, Crop, Nursery, & Greenhouse",537,$11.77,$9.77,$11.11,$13.56,"$24,481"
45-2093,"Farmworkers, Farm & Ranch Animals",256,$12.08,$9.53,$11.34,$13.40,"$25,117"
27-1022,Fashion Designers,201,$34.17,$20.98,$30.84,$43.19,"$71,069"
47-4031,Fence Erectors,237,$17.07,$14.65,$16.48,$19.09,"$35,496"
51-2091,Fiberglass Laminators & Fabricators,211,$17.01,$12.02,$16.33,$20.59,"$35,384"
43-4071,File Clerks,"1,777",$15.24,$12.84,$14.92,$17.41,"$31,695"
13-2051,Financial Analysts,"2,870",$41.98,$31.28,$39.57,$49.84,"$87,324"
13-2061,Financial Examiners,302,$36.54,$25.93,$33.01,$45.05,"$76,002"
11-3031,Financial Mgrs,"6,794",$59.53,$42.64,$54.09,$70.48,"$123,817"
13-2099,"Financial Specialists, All Other","1,990",$32.36,$22.27,$28.50,$37.75,"$67,309"
27-1013,"Fine Artists, Inc Painters, Sculptors, Illustrators",183,$24.17,$19.88,$23.68,$28.54,"$50,263"
33-2011,Fire Fighters,"3,177",$34.01,$31.12,$34.93,$39.35,"$70,742"
33-1021,Fire Fighting & Prevention Workers 1st-Line Spvrs of ,804,$45.72,$40.70,$45.52,$52.00,"$95,089"
33-2021,Fire Inspectors & Investigators,89,$39.02,$36.87,$40.02,$43.40,"$81,158"
41-1011,First-Line Supervisors/Managers of Retail Sales Workers,"10,120",$21.41,$15.45,$19.54,$23.34,"$44,540"
39-9031,Fitness Trainers & Aerobics Instructors,"3,320",$20.65,$15.29,$20.30,$23.39,"$42,957"
53-2031,Flight Attendants,914,,,,,"$45,210"
27-1023,Floral Designers,406,$15.32,$13.06,$14.48,$17.07,"$31,867"
51-3092,Food Batchmakers,491,$13.72,$10.88,$13.26,$15.19,"$28,529"
51-3093,Food Cooking Machine Operators & Tenders,79,$14.96,$12.09,$15.67,$17.83,"$31,123"
35-1012,"Food Preparation & Serving Wkrs, 1st-Line Spvrs of ","6,485",$18.50,$14.47,$18.16,$22.31,"$38,489"
35-3021,"Food Preparation & Serving Workers, Inc Fast Food","23,025",$10.62,$9.15,$9.76,$11.46,"$22,085"
35-2021,Food Preparation Workers,"6,313",$11.61,$9.74,$11.14,$12.82,"$24,160"
19-1012,Food Scientists & Technologists,109,$29.69,$22.09,$28.85,$34.20,"$61,754"
35-3041,"Food Servers, Nonrestaurant","3,035",$12.59,$9.31,$11.36,$14.54,"$26,187"
51-3091,Food/Tobacco Roasting/Baking/Drying Mach Ops/Tenders,130,$17.97,$12.95,$19.34,$22.05,"$37,366"
25-1124,"Foreign Language & Literature Teachers, Postsecondary",345,,,,,"$55,899"
51-4022,"Forging Machine Setters, Ops/Tenders, Mtl/Plastic",166,$21.12,$17.52,$19.82,$23.17,"$43,929"
51-4071,Foundry Mold & Coremakers,43,$16.73,$14.80,$16.75,$18.59,"$34,792"
39-4831,"Funeral Svc Mgrs, Directors, Morticians, Undertakers",80,$31.04,$18.94,$26.11,$41.48,"$64,565"
51-9051,"Furnace, Kiln, Oven, Drier, & Kettle Ops & Tenders",202,$19.07,$14.67,$19.25,$22.45,"$39,673"
51-7021,Furniture Finishers,139,$16.02,$13.24,$15.39,$18.59,"$33,328"
39-3012,Gaming & Sports Book Writers & Runners,239,$14.70,$10.35,$14.50,$17.72,"$30,585"
43-3041,Gaming Cage Workers,399,$12.31,$10.13,$11.39,$14.28,"$25,621"
39-3011,Gaming Dealers,"2,425",$13.83,$11.86,$13.34,$14.82,"$28,767"
11-9071,Gaming Mgrs,29,$41.11,$34.09,$41.56,$49.04,"$85,502"
39-3019,"Gaming Service Workers, All Other",86,$12.35,$9.99,$11.57,$13.66,"$25,687"
39-1011,Gaming Supervisors,519,$23.33,$17.92,$21.52,$26.49,"$48,529"
33-9031,Gaming Surveillance Officers & Gaming Investigators,134,$13.71,$11.61,$13.57,$15.58,"$28,516"
53-7071,Gas Compressor & Gas Pumping Station Operators,36,$20.72,$15.94,$17.33,$19.70,"$43,085"
11-1021,General & Operations Mgrs,"12,246",$70.18,$46.16,$61.90,,"$145,971"
19-3092,Geographers,19,$30.32,$23.77,$27.68,$35.80,"$63,070"
25-1064,"Geography Teachers, Postsecondary",44,,,,,"$73,703"
19-4041,Geological & Petroleum Technicians,21,$21.98,$19.17,$20.91,$22.77,"$45,721"
19-2042,"Geoscientists, Not Hydrologists & Geographers",560,$40.64,$28.14,$36.65,$52.38,"$84,532"
25-1191,Graduate Teaching Assistants,587,,,,,"$38,673"
27-1024,Graphic Designers,"2,438",$26.73,$20.05,$25.61,$32.48,"$55,613"
51-4033,Grind/Lap/Polish/Buff Machine Setters/Ops/Tenders,397,$16.46,$12.63,$15.05,$18.30,"$34,251"
51-9022,"Grinding & Polishing Workers, Hand",491,$18.87,$13.72,$16.64,$26.14,"$39,252"
39-5012,"Hairdressers, Hairstylists, & Cosmetologists","5,289",$18.13,$10.91,$16.03,$22.13,"$37,709"
53-1021,"Hand Labor/Material Movers/Helpers, 1st-Line Spvrs of","1,770",$24.26,$18.61,$23.52,$28.97,"$50,460"
17-2111,Health & Safety Engineers (Not Mining),162,$40.61,$33.19,$38.79,$46.10,"$84,460"
29-1199,"Health Diagnosing & Treating Practitioners, All Other",283,$33.06,$24.69,$31.94,$41.29,"$68,759"
21-1091,Health Educators,510,$23.81,$17.02,$22.73,$28.76,"$49,529"
29-2799,"Health Technologists & Technicians, All Other","1,490",$23.58,$17.27,$22.28,$28.63,"$49,038"
29-9799,"Healthcare Practitioners & Tech Workers, All Other",284,$30.17,$21.52,$26.67,$37.55,"$62,756"
31-9799,"Healthcare Support Workers, All Other","2,486",$16.91,$13.74,$16.62,$19.93,"$35,181"
49-9021,"Heating, Air Cond, Refrigeration Mechanics & Installers","1,723",$27.70,$21.53,$27.81,$33.36,"$57,616"
47-3019,"Helpers, Construction Trades, All Other",124,$15.37,$11.35,$15.62,$18.67,"$31,963"
19-3093,Historians,16,$31.62,$21.68,$29.10,$36.51,"$65,767"
25-1125,"History Teachers, Postsecondary",153,,,,,"$70,575"
49-9031,Home Appliance Repairers,316,$23.24,$18.48,$22.93,$27.24,"$48,357"
25-1192,"Home Economics Teachers, Postsecondary",35,,,,,"$52,317"
31-1011,Home Health Aides,"5,947",$11.69,$10.45,$11.34,$12.49,"$24,326"
35-9031,"Hosts & Hostesses, Restaurant, Lounge, & Coffee Shop","3,586",$10.55,$9.15,$9.72,$11.26,"$21,937"
43-4081,"Hotel, Motel, & Resort Desk Clerks","2,374",$11.88,$10.38,$11.82,$13.28,"$24,699"
37-1011,"Housekeeping & Janitorial Wkrs, 1st-Line Spvrs of ","1,261",$19.37,$14.93,$18.33,$23.64,"$40,305"
43-4161,"Human Resources Assistants, Not Payroll & Timekeeping","1,425",$19.83,$17.00,$19.50,$22.30,"$41,243"
11-3121,Human Resources Managers,"1,559",$56.12,$43.66,$53.49,$65.74,"$116,735"
13-1078,"Human Resources, Labor Relations, Trng Spec, All Other","5,977",$32.13,$23.00,$29.96,$39.38,"$66,823"
19-2043,Hydrologists,156,$41.82,$35.21,$42.08,$48.38,"$86,985"
17-2112,Industrial Engineers,"3,789",$40.45,$33.15,$40.46,$48.16,"$84,146"
49-9041,Industrial Machinery Mechanics,"1,920",$28.23,$23.41,$28.92,$34.17,"$58,715"
11-3051,Industrial Production Mgrs,"1,351",$51.02,$38.02,$47.94,$60.78,"$106,128"
53-7051,Industrial Truck & Tractor Operators,"4,573",$19.86,$14.42,$18.36,$23.83,"$41,302"
51-9061,"Inspectors, Testers, Sorters, Samplers, & Weighers","4,417",$24.64,$17.50,$26.03,$31.38,"$51,258"
49-9098,"Installation, Maintenance, & Repair Helpers","1,324",$15.33,$11.26,$14.80,$19.21,"$31,891"
49-9799,"Installation, Maintenance, & Repair Workers, All Other","1,390",$23.55,$15.85,$23.66,$30.84,"$48,964"
25-9031,Instructional Coordinators,"1,045",$30.13,$24.57,$29.87,$35.12,"$62,665"
47-2132,"Insulation Workers, Mechanical",393,$27.49,$21.60,$26.20,$34.09,"$57,171"
43-9041,Insurance Claims & Policy Processing Clerks,"2,943",$19.46,$16.69,$19.12,$21.86,"$40,466"
41-3021,Insurance Sales Agents,"2,897",$32.81,$20.76,$28.26,$37.09,"$68,246"
13-2053,Insurance Underwriters,"1,078",$34.98,$26.93,$32.66,$40.65,"$72,752"
27-1025,Interior Designers,590,$26.18,$20.03,$24.03,$32.23,"$54,469"
29-1063,"Internists, General",350,$88.65,$64.27,,,"$184,380"
27-3091,Interpreters & Translators,600,$24.02,$19.18,$22.48,$27.88,"$49,966"
43-4111,"Interviewers, Not Eligibility & Loan","2,419",$15.90,$11.27,$16.43,$19.45,"$33,075"
15-1179,"IT Security Analysts, Web Dvlprs, Cmptr Ntwk Architects","6,916",$41.46,$32.96,$41.35,$50.12,"$86,232"
37-2011,"Janitors & Cleaners, Not Maids & Housekeeping Cleaners","16,096",$14.26,$11.01,$13.44,$16.92,"$29,649"
51-9071,Jewelers & Precious Stone & Metal Workers,265,$19.44,$15.10,$18.04,$22.19,"$40,434"
25-2012,"Kindergarten Teachers, Not Special Education",899,,,,,"$52,936"
53-7062,"Laborers & Freight, Stock, & Material Movers, Hand","18,793",$13.92,$10.42,$12.76,$16.22,"$28,952"
17-1012,Landscape Architects,729,$29.64,$22.75,$28.35,$34.84,"$61,656"
37-1012,"Landscape, Lawn, Groundskeep Wkrs, 1st-Line Supvrs of",950,$24.18,$18.37,$23.05,$28.01,"$50,283"
37-3011,Landscaping & Groundskeeping Workers,"7,785",$15.49,$12.70,$14.64,$17.69,"$32,230"
51-4034,"Lathe Setters/Ops/Tenders, Metal/Plastic",241,$23.37,$18.90,$25.23,$28.33,"$48,605"
51-6011,Laundry & Dry-Cleaning Workers,"1,105",$11.72,$9.62,$11.10,$13.31,"$24,375"
25-1112,"Law Teachers, Postsecondary",119,,,,,"$98,875"
23-1011,Lawyers,"6,504",$62.30,$39.38,$56.93,$75.65,"$129,583"
43-6012,Legal Secretaries,"2,235",$23.75,$18.51,$23.91,$28.93,"$49,404"
23-2099,"Legal Support Workers, All Other",767,$28.73,$22.28,$26.40,$33.63,"$59,754"
11-1031,Legislators,147,,,,,"$74,182"
25-4021,Librarians,"1,900",$30.99,$25.79,$31.84,$36.29,"$64,465"
43-4121,"Library Assistants, Clerical",946,$15.88,$12.65,$16.01,$19.41,"$33,028"
25-1082,"Library Science Teachers, Postsecondary",74,,,,,"$83,048"
29-2061,Licensed Practical & Licensed Vocational Nurses,"3,061",$23.34,$20.78,$23.25,$26.33,"$48,530"
19-4099,"Life, Physical, & Social Science Technicians, All Other",516,$23.88,$19.63,$23.20,$27.59,"$49,683"
33-9092,"Lifeguards, Ski Patrol, Recreational Protective Svc Wkrs","1,146",$11.24,$9.35,$10.51,$12.71,"$23,369"
13-2071,Loan Counselors,277,$18.38,$15.65,$17.73,$21.28,"$38,220"
43-4131,Loan Interviewers & Clerks,"1,883",$18.89,$13.51,$18.91,$23.17,"$39,275"
13-2072,Loan Officers,"2,997",$39.90,$24.48,$36.54,$49.49,"$82,989"
39-3093,"Locker Room, Coatroom, & Dressing Room Attendants",177,$11.08,$9.16,$9.72,$12.76,"$23,033"
49-9094,Locksmiths & Safe Repairers,200,$16.69,$10.70,$14.06,$23.30,"$34,717"
11-9081,Lodging Mgrs,194,$38.28,$29.93,$35.72,$43.72,"$79,620"
45-4022,Logging Equipment Operators,131,$26.36,$19.02,$25.17,$30.07,"$54,828"
45-4029,"Logging Workers, All Other",82,$21.37,$19.02,$21.46,$23.69,"$44,459"
53-7063,Machine Feeders & Offbearers,716,$13.52,$10.77,$13.45,$15.66,"$28,109"
51-4041,Machinists,"2,900",$24.96,$19.59,$23.57,$30.97,"$51,902"
37-2012,Maids & Housekeeping Cleaners,"7,005",$11.98,$9.62,$11.22,$13.75,"$24,919"
43-9051,"Mail Clerks & Mail Machine Ops, Not Postal Svc","1,313",$14.50,$10.91,$13.08,$17.72,"$30,163"
49-9071,"Maintenance & Repair Workers, General","9,828",$20.82,$15.95,$20.51,$25.47,"$43,316"
49-9043,"Maintenance Workers, Machinery",502,$21.62,$18.23,$21.43,$25.72,"$44,953"
13-1111,Management Analysts,"9,644",$43.97,$32.11,$40.41,$51.65,"$91,466"
11-9199,"Managers, All Other","4,409",$52.10,$40.49,$50.45,$61.88,"$108,380"
17-2121,Marine Engineers & Naval Architects,244,$41.38,$34.42,$40.39,$46.18,"$86,072"
13-1161,Market Research Analysts,"6,854",$41.40,$28.31,$41.07,$53.94,"$86,124"
11-2021,Marketing Mgrs,"5,033",$63.25,$47.27,$60.57,$74.84,"$131,558"
21-1013,Marriage & Family Therapists,156,$19.93,$16.57,$19.40,$23.36,"$41,458"
31-9011,Massage Therapists,"1,323",$28.02,$23.63,$28.58,$32.97,"$58,270"
25-1022,"Mathematical Science Teachers, Postsecondary",332,,,,,"$83,650"
15-2021,Mathematicians,24,$38.74,$28.25,$33.84,$53.16,"$80,573"
51-3022,"Meat, Poultry, & Fish Cutters & Trimmers","1,934",$15.11,$9.81,$12.52,$19.21,"$31,437"
49-9011,Mechanical Door Repairers,127,$22.82,$20.57,$23.51,$25.72,"$47,472"
17-3027,Mechanical Engineering Technicians,840,$29.19,$23.76,$28.91,$35.50,"$60,703"
17-2141,Mechanical Engineers,"3,687",$43.95,$34.13,$42.32,$51.94,"$91,417"
49-1011,"Mechanics, Installers, Repairers, 1st-Line Sprvs of","3,757",$34.15,$26.26,$33.18,$41.42,"$71,034"
27-3099,"Media & Communication Workers, All Other",829,$22.18,$14.22,$23.58,$27.84,"$46,133"
29-2012,Medical & Clinical Laboratory Technicians,"1,233",$20.56,$16.60,$19.56,$23.54,"$42,760"
29-2011,Medical & Clinical Laboratory Technologists,"1,689",$30.64,$26.56,$30.82,$34.94,"$63,728"
21-1022,Medical & Public Health Social Workers,"1,356",$27.57,$22.52,$27.73,$32.98,"$57,344"
31-9092,Medical Assistants,"4,966",$17.19,$15.23,$16.99,$18.97,"$35,736"
31-9093,Medical Equipment Preparers,936,$16.16,$13.46,$16.33,$18.43,"$33,615"
49-9062,Medical Equipment Repairers,593,$25.04,$21.06,$24.49,$29.09,"$52,088"
29-2071,Medical Records & Health Information Technicians,"2,221",$19.99,$15.38,$18.53,$24.00,"$41,584"
19-1042,"Medical Scientists, Not Epidemiologists","3,991",$35.84,$23.11,$30.26,$41.31,"$74,550"
43-6013,Medical Secretaries,"7,779",$19.61,$16.25,$19.36,$22.99,"$40,788"
31-9094,Medical Transcriptionists,"1,020",$17.53,$12.09,$18.20,$21.75,"$36,464"
13-1121,Meeting & Convention Planners,745,$23.10,$18.89,$21.92,$26.42,"$48,063"
21-1023,Mental Health & Substance Abuse Social Workers,654,$22.63,$17.38,$23.72,$26.84,"$47,055"
21-1014,Mental Health Counselors,"1,680",$21.53,$16.90,$19.96,$25.08,"$44,778"
27-1026,Merchandise Displayers & Window Trimmers,"1,063",$15.79,$12.61,$15.66,$18.66,"$32,841"
51-4199,"Metal Workers & Plastic Workers, All Other",594,$22.34,$14.36,$24.18,$29.95,"$46,464"
51-4051,Metal-Refining Furnace Operators & Tenders,30,$19.31,$16.71,$18.96,$22.80,"$40,163"
43-5041,"Meter Readers, Utilities",248,$23.52,$20.84,$22.89,$25.92,"$48,923"
19-1022,Microbiologists,240,$32.34,$22.97,$29.20,$39.24,"$67,261"
25-2022,Middle School Teachers (Not Special Ed & Vocational),"3,834",,,,,"$59,643"
51-4035,"Milling/Planing Mach Setters, Ops/Tenders, Mtl/Plastic",228,$23.80,$20.84,$23.75,$27.57,"$49,485"
49-9044,Millwrights,262,$33.03,$29.88,$34.14,$37.45,"$68,697"
47-5042,Mine Cutting & Channeling Machine Operators,28,$20.99,$17.97,$21.28,$24.12,"$43,668"
51-9023,"Mixing & Blending Machine Setters, Ops, & Tenders",479,$18.04,$12.95,$16.78,$22.39,"$37,524"
49-3042,"Mobile Heavy Equipment Mechanics, Not Engines","1,045",$28.93,$24.14,$28.13,$34.28,"$60,188"
51-4061,"Model Makers, Metal & Plastic",120,$31.01,$24.96,$33.74,$37.63,"$64,492"
51-4072,"Mold/Coremaking/Casting Mach Set/Op/Tend, Mtl/Plastic",645,$15.05,$12.23,$14.25,$17.55,"$31,296"
51-9195,"Molders, Shapers, & Casters, Not Metal & Plastic",463,$14.12,$11.29,$13.33,$16.63,"$29,379"
53-3099,"Motor Vehicle Operators, All Other",610,$16.15,$9.53,$12.90,$23.90,"$33,598"
49-3051,Motorboat Mechanics,401,$19.90,$11.22,$17.06,$23.99,"$41,391"
53-5022,Motorboat Operators,17,$29.99,$27.23,$28.90,$31.72,"$62,380"
27-1014,Multi-Media Artists & Animators,"1,934",$30.53,$21.44,$27.89,$37.18,"$63,485"
25-4013,Museum Technicians & Conservators,192,$20.89,$16.83,$19.87,$22.45,"$43,454"
27-2041,Music Directors & Composers,60,$39.44,$24.85,$31.87,$45.10,"$82,028"
11-9121,Natural Sciences Mgrs,905,$66.46,$48.46,$62.35,$76.92,"$138,230"
15-1142,Network & Computer Systems Administrators,"5,154",$36.82,$30.25,$36.32,$43.37,"$76,591"
43-4141,New Accounts Clerks,478,$16.86,$14.86,$16.59,$18.47,"$35,066"
39-2021,Nonfarm Animal Caretakers,"1,634",$11.78,$9.57,$10.88,$12.47,"$24,508"
41-1012,"Non-Retail Sales Worker, 1st-Line Supervisors of ","4,292",$38.28,$26.06,$34.70,$49.65,"$79,627"
29-2033,Nuclear Medicine Technologists,163,$40.27,$35.71,$40.82,$45.50,"$83,759"
51-4012,Numerical Tool & Process Control Programmers,386,$32.83,$26.18,$34.41,$39.93,"$68,285"
31-1012,"Nursing Aides, Orderlies, & Attendants","8,424",$15.18,$12.90,$14.75,$17.28,"$31,576"
25-1072,"Nursing Instructors & Teachers, Postsecondary",545,,,,,"$71,680"
29-1064,Obstetricians & Gynecologists,145,$96.25,$40.66,,,"$200,209"
29-9011,Occupational Health & Safety Specialists,723,$35.80,$29.04,$34.92,$41.79,"$74,466"
29-9012,Occupational Health & Safety Technicians,81,$25.56,$20.46,$24.36,$30.20,"$53,152"
29-1122,Occupational Therapists,761,$34.72,$29.91,$34.96,$40.38,"$72,222"
43-1011,"Office & Admin Support Wkrs, 1st-Line Spvrs of","12,688",$27.58,$21.15,$26.60,$33.04,"$57,376"
43-9799,"Office & Administrative Support Workers, All Other","4,726",$17.40,$13.54,$17.33,$20.85,"$36,207"
43-9061,"Office Clerks, General","22,151",$15.94,$12.65,$15.17,$18.45,"$33,159"
43-9071,"Office Machine Operators, Not Computer",710,$16.77,$12.84,$16.78,$20.39,"$34,899"
47-2073,Operating Engineers/Construction Equipment Ops,"2,529",$28.63,$22.43,$29.58,$34.69,"$59,559"
15-2031,Operations Research Analysts,924,$44.18,$35.03,$42.06,$50.84,"$91,875"
29-1041,Optometrists,218,$54.62,$48.94,$53.69,$58.08,"$113,611"
43-4151,Order Clerks,"4,609",$17.42,$13.65,$17.03,$20.93,"$36,242"
29-2091,Orthotists & Prosthetists,64,$35.55,$26.46,$38.10,$44.09,"$73,945"
49-3053,Outdoor Power Equipment & Other Small Engine Mechanics,100,$18.29,$15.09,$17.13,$22.85,"$38,038"
51-9111,Packaging & Filling Machine Operators & Tenders,"1,447",$15.07,$11.43,$13.74,$17.65,"$31,349"
53-7064,"Packers & Packagers, Hand","7,436",$11.98,$9.17,$10.05,$13.55,"$24,912"
47-2141,"Painters, Construction & Maintenance","3,378",$18.48,$15.11,$17.27,$21.87,"$38,436"
51-9122,"Painters, Transportation Equipment",913,$23.76,$17.89,$22.79,$29.32,"$49,401"
23-2011,Paralegals & Legal Assistants,"3,811",$25.73,$18.67,$25.24,$31.33,"$53,517"
41-2022,Parts Salespersons,"2,049",$17.23,$12.96,$16.54,$21.15,"$35,832"
47-2071,"Paving, Surfacing, & Tamping Equipment Operators",239,$21.26,$13.92,$21.99,$27.66,"$44,222"
43-3051,Payroll & Timekeeping Clerks,"1,590",$21.18,$18.18,$21.17,$24.17,"$44,054"
29-1065,"Pediatricians, General",563,$84.69,$64.64,$77.45,,"$176,155"
39-9021,Personal & Home Care Aides,"8,155",$11.35,$10.19,$11.03,$12.02,"$23,598"
13-2052,Personal Financial Advisors,"1,233",$31.51,$20.21,$26.10,$36.32,"$65,548"
39-1021,"Personal Service Workers, 1st-Line Supervisors of ","1,808",$21.57,$16.01,$20.43,$25.81,"$44,868"
37-2021,Pest Control Workers,265,$20.79,$15.27,$19.93,$25.98,"$43,246"
29-1051,Pharmacists,"2,601",$51.52,$48.51,$53.47,$58.07,"$107,147"
31-9095,Pharmacy Aides,227,$12.73,$10.42,$12.64,$14.25,"$26,463"
29-2052,Pharmacy Technicians,"2,963",$18.76,$16.64,$18.43,$20.84,"$39,020"
25-1126,"Philosophy & Religion Teachers, Postsecondary",326,,,,,"$58,546"
27-4021,Photographers,704,$23.11,$14.79,$22.70,$31.52,"$48,083"
51-9151,Photographic Process Wkrs & Processing Mach Operators,319,$17.10,$12.75,$15.87,$20.06,"$35,568"
31-2022,Physical Therapist Aides,432,$13.49,$11.51,$13.33,$14.99,"$28,043"
31-2021,Physical Therapist Assistants,397,$24.62,$21.81,$24.92,$27.91,"$51,209"
29-1123,Physical Therapists,"1,909",$37.90,$32.22,$36.75,$43.40,"$78,835"
29-1071,Physician Assistants,871,$48.92,$42.07,$48.66,$56.26,"$101,758"
29-1069,"Physicians & Surgeons, All Other","2,470",$89.83,$59.14,,,"$186,860"
19-2012,Physicists,402,$55.45,$38.60,$59.16,$70.61,"$115,344"
25-1054,"Physics Teachers, Postsecondary",184,,,,,"$86,861"
47-2072,Pile-Driver Operators,21,$32.18,$30.78,$34.38,$37.32,"$66,930"
47-3015,"Pipelayer, Plumber, Pipefitter, Steamfitter Helpers",217,$15.77,$13.15,$15.68,$17.94,"$32,797"
47-2151,Pipelayers,438,$27.22,$24.46,$27.79,$31.02,"$56,611"
51-4193,"Plating/Coating Machine Setters/Ops/Tenders, Mtl/Plastic",407,$14.94,$12.17,$13.78,$15.96,"$31,081"
47-2152,"Plumbers, Pipefitters, & Steamfitters","4,019",$30.44,$22.43,$30.39,$38.54,"$63,308"
29-1081,Podiatrists,81,$76.33,$69.34,$77.73,,"$158,768"
33-1012,"Police & Detectives, 1st-Line Supervisors of",686,$47.85,$39.71,$48.18,$55.32,"$99,523"
33-3051,Police & Sheriff's Patrol Officers,"3,355",$34.94,$30.54,$34.97,$40.62,"$72,678"
43-5031,"Police, Fire, & Ambulance Dispatchers",460,$24.98,$21.20,$24.30,$27.63,"$51,958"
25-1065,"Political Science Teachers, Postsecondary",211,,,,,"$82,656"
43-5051,Postal Svc Clerks,550,$25.55,$25.93,$25.93,$25.94,"$53,147"
43-5052,Postal Svc Mail Carriers,"2,647",$25.49,$24.84,$26.67,$26.68,"$53,018"
43-5053,Postal Svc Mail Sorters/Processors/Processing Mach Ops,"1,761",$25.11,$24.98,$25.93,$25.94,"$52,228"
11-9131,Postmasters & Mail Superintendents,48,$38.00,$30.18,$38.25,$45.67,"$79,041"
25-1199,"Postsecondary Teachers, All Other",485,,,,,"$77,632"
51-4052,"Pourers & Casters, Metal",29,$15.49,$13.71,$15.20,$17.07,"$32,225"
51-8012,Power Distributors & Dispatchers,118,$41.96,$34.63,$41.62,$50.23,"$87,272"
51-8013,Power Plant Operators,179,$39.01,$33.73,$38.21,$42.56,"$81,139"
51-5111,Prepress Technicians & Workers,714,$20.10,$15.69,$19.45,$24.21,"$41,800"
25-2011,"Preschool Teachers, Not Special Education","2,682",$15.06,$12.38,$14.36,$17.25,"$31,320"
51-6021,"Pressers, Textile, Garment, & Related Materials",614,$13.69,$11.22,$13.21,$15.80,"$28,465"
51-5113,Print Binding & Finishing Workers,448,$15.55,$11.73,$15.17,$18.41,"$32,360"
51-5112,Printing Press Operators,"1,671",$19.46,$15.56,$18.76,$23.48,"$40,483"
43-3061,Procurement Clerks,703,$19.31,$16.10,$19.44,$22.69,"$40,178"
27-2012,Producers & Directors,923,$34.10,$23.28,$30.94,$41.37,"$70,914"
51-1011,"Production & Operating Wkrs, 1st Line Spvrs of","4,589",$31.33,$23.25,$30.97,$39.45,"$65,171"
51-9198,"Production Workers, Helpers","1,808",$13.15,$10.56,$12.39,$14.88,"$27,348"
43-5061,"Production, Planning, & Expediting Clerks","3,142",$23.85,$18.63,$22.52,$27.73,"$49,594"
11-9141,"Property, Real Estate, & Community Association Mgrs","2,542",$37.84,$24.38,$31.96,$48.09,"$78,721"
33-1099,"Protective Service Wkrs, All Other, 1st Line Spvrs of",601,$30.76,$24.79,$29.87,$37.94,"$63,995"
33-9099,"Protective Service Workers, All Other",586,$20.45,$15.20,$19.68,$25.29,"$42,537"
31-1013,Psychiatric Aides,411,$12.32,$10.52,$11.52,$13.46,"$25,626"
29-1066,Psychiatrists,213,$92.34,$75.36,,,"$192,067"
19-3039,"Psychologists, All Other",134,$33.85,$20.99,$34.24,$46.82,"$70,404"
25-1066,"Psychology Teachers, Postsecondary",313,,,,,"$66,397"
11-2031,Public Relations Mgrs,"1,142",$50.88,$37.80,$48.54,$62.51,"$105,827"
27-3031,Public Relations Specialists,"3,277",$29.34,$21.18,$27.13,$35.92,"$61,020"
13-1021,"Purchasing Agents & Buyers, Farm Products",137,$28.38,$22.65,$28.18,$34.95,"$59,034"
13-1023,Purchasing Agents (Not Wholesale/Retail/Farm Prodcts),"5,012",$32.30,$25.45,$31.78,$38.96,"$67,174"
11-3061,Purchasing Mgrs,"1,185",$51.48,$38.01,$49.36,$62.41,"$107,079"
27-3011,Radio & Television Announcers,275,$34.06,$13.87,$21.83,$43.24,"$70,852"
29-2037,Radiologic Technologists & Technicians,"1,779",$33.16,$27.83,$33.13,$38.58,"$68,987"
41-9021,Real Estate Brokers,353,$41.56,$26.60,$37.00,$48.30,"$86,442"
41-9022,Real Estate Sales Agents,"1,190",$22.39,$12.35,$16.12,$25.21,"$46,569"
43-4171,Receptionists & Information Clerks,"10,679",$14.28,$11.92,$14.06,$16.56,"$29,716"
25-1193,"Recreation & Fitness Studies Teachers, Postsecondary",139,,,,,"$49,581"
39-9032,Recreation Workers,"2,420",$13.33,$9.91,$12.19,$14.98,"$27,722"
29-1125,Recreational Therapists,76,$28.62,$25.35,$30.07,$33.19,"$59,536"
49-3092,Recreational Vehicle Svc Technicians,110,$20.90,$17.66,$20.35,$24.14,"$43,475"
53-7081,Refuse & Recyclable Material Collectors,965,$22.70,$19.50,$22.74,$26.94,"$47,232"
29-1111,Registered Nurses,"22,921",$37.68,$30.94,$37.86,$44.15,"$78,358"
21-1015,Rehabilitation Counselors,"3,028",$19.83,$15.07,$17.84,$23.72,"$41,244"
21-2099,"Religious Workers, All Other",157,$21.29,$12.74,$21.14,$28.73,"$44,272"
27-3022,Reporters & Correspondents,366,$27.19,$14.27,$22.59,$36.08,"$56,562"
43-4181,Reservation/Transportation Ticket Agents/Travel Clerks,"2,026",$14.77,$11.73,$14.04,$18.03,"$30,721"
39-9041,Residential Advisors,107,$14.29,$12.22,$13.87,$15.98,"$29,715"
29-1126,Respiratory Therapists,679,$31.61,$27.12,$32.06,$35.99,"$65,750"
29-2054,Respiratory Therapy Technicians,83,$28.85,$26.89,$29.51,$31.89,"$60,016"
41-2031,Retail Salespersons,"44,599",$13.91,$9.87,$11.77,$15.15,"$28,948"
51-4023,"Rolling Machine Setters, Ops, & Tenders, Mtl/Plastic",140,$21.11,$16.17,$19.22,$27.04,"$43,911"
47-2181,Roofers,"1,659",$22.46,$13.66,$20.93,$29.99,"$46,709"
53-5011,Sailors & Marine Oilers,"1,271",$23.79,$21.99,$23.69,$24.61,"$49,486"
41-9799,"Sales & Related Workers, All Other","2,749",$21.09,$14.75,$18.91,$26.49,"$43,864"
41-9031,Sales Engineers,"1,480",$50.91,$37.72,$45.52,$56.26,"$105,875"
11-2022,Sales Mgrs,"5,205",$62.96,$42.70,$56.78,$75.24,"$130,950"
41-3099,"Sales Representatives, Services, All Other","7,221",$30.31,$17.90,$26.05,$36.76,"$63,048"
41-4012,"Sales Reps, Wholesale/Manuf (Not Tech/Sci Prdcts)","16,798",$33.32,$19.97,$28.84,$41.97,"$69,299"
41-4011,"Sales Reps, Wholesale/Manuf, Tech.Scientific Prdcts","6,778",$46.09,$27.29,$40.23,$56.43,"$95,883"
51-7041,"Sawing Machine Setters, Ops, & Tenders, Wood",294,$16.09,$13.58,$15.72,$18.31,"$33,472"
25-2031,Secondary School Teachers (Not Special/Voc Ed),"5,207",,,,,"$61,804"
43-6014,"Secretaries, Not Legal, Medical, & Executive","12,699",$18.82,$15.94,$18.98,$21.91,"$39,132"
41-3031,"Securities, Commodities, & Financial Svcs Sales Agents","2,817",$39.94,$17.72,$30.14,$52.42,"$83,063"
49-2098,Security & Fire Alarm Systems Installers,277,$23.27,$20.11,$24.16,$27.05,"$48,415"
33-9032,Security Guards,"7,798",$20.63,$13.59,$18.07,$24.68,"$42,912"
25-3021,Self-Enrichment Education Teachers,"2,240",$22.19,$15.48,$22.19,$28.00,"$46,150"
51-9012,Separating & Filtering Machine Setters/Ops/Tndrs,182,$20.59,$16.21,$18.80,$24.10,"$42,833"
47-4071,Septic Tank Svcrs & Sewer Pipe Cleaners,282,$21.38,$16.12,$20.96,$26.68,"$44,474"
51-6031,Sewing Machine Operators,"1,419",$12.77,$10.24,$11.53,$15.49,"$26,555"
47-2211,Sheet Metal Workers,"1,232",$26.12,$18.33,$25.82,$33.52,"$54,331"
53-5031,Ship Engineers,503,$37.43,$30.93,$35.51,$42.14,"$77,855"
43-5071,"Shipping, Receiving, & Traffic Clerks","8,494",$19.42,$13.72,$17.36,$25.36,"$40,387"
51-6041,Shoe & Leather Workers & Repairers,44,$15.22,$9.32,$11.01,$18.07,"$31,669"
39-5094,Skin Care Specialists,334,$20.96,$16.54,$19.96,$24.09,"$43,596"
51-3023,Slaughterers & Meat Packers,207,$13.55,$9.99,$12.27,$15.19,"$28,196"
39-1012,Slot Key Persons,114,$11.39,$8.79,$9.26,$10.43,"$23,691"
11-9151,Social & Community Svc Mgrs,"1,178",$35.85,$28.23,$33.78,$40.95,"$74,572"
21-1093,Social & Human Svc Assistants,"3,526",$14.35,$11.29,$13.51,$16.85,"$29,840"
19-4061,Social Science Research Assistants,304,$18.26,$15.50,$17.33,$20.41,"$37,995"
25-1069,"Social Sciences Teachers, Postsecondary, All Other",50,,,,,"$67,727"
19-3099,"Social Scientists & Related Workers, All Other",410,$35.12,$25.86,$34.43,$41.77,"$73,041"
25-1113,"Social Work Teachers, Postsecondary",155,,,,,"$79,798"
21-1029,"Social Workers, All Other","1,288",$24.21,$18.62,$26.16,$26.84,"$50,351"
25-1067,"Sociology Teachers, Postsecondary",117,,,,,"$72,563"
19-1013,Soil & Plant Scientists,32,$30.99,$25.70,$32.00,$36.18,"$64,471"
27-4014,Sound Engineering Technicians,266,$24.74,$14.84,$24.17,$29.90,"$51,470"
25-2041,"Special Ed Teachers, Preschool, Kindergarten, Elementary","1,028",,,,,"$59,663"
25-2053,"Special Education Teachers, Middle School",379,,,,,"$59,343"
25-2054,"Special Education Teachers, Secondary School",617,,,,,"$60,968"
29-1127,Speech-Language Pathologists,"1,055",$35.68,$29.29,$35.47,$41.68,"$74,202"
51-8021,Stationary Engineers & Boiler Operators,236,$28.53,$25.17,$28.67,$32.12,"$59,358"
43-9111,Statistical Assistants,153,$21.84,$18.97,$21.72,$24.90,"$45,442"
15-2041,Statisticians,388,$38.02,$29.88,$38.55,$45.26,"$79,078"
43-5081,Stock Clerks & Order Fillers,"16,196",$14.96,$10.94,$14.17,$18.25,"$31,107"
47-2221,Structural Iron & Steel Workers,892,$35.03,$29.44,$35.23,$42.51,"$72,864"
51-2041,Structural Metal Fabricators & Fitters,860,$22.18,$15.54,$20.49,$28.42,"$46,130"
21-1011,Substance Abuse & Behavioral Disorder Counselors,679,$19.68,$16.05,$19.38,$22.69,"$40,936"
29-1067,Surgeons,541,$113.29,,,,"$235,640"
29-2055,Surgical Technologists,826,$24.14,$20.51,$24.34,$27.85,"$50,195"
19-3022,Survey Researchers,71,$31.64,$23.23,$28.26,$32.20,"$65,808"
17-3031,Surveying & Mapping Technicians,567,$24.89,$20.31,$24.52,$29.11,"$51,756"
17-1022,Surveyors,381,$37.82,$30.08,$35.39,$43.28,"$78,660"
53-6031,Svc Station Attendants,726,$11.02,$9.29,$10.09,$11.89,"$22,907"
43-2011,"Switchboard Operators, Including Answering Svc",975,$16.28,$13.17,$15.58,$18.42,"$33,861"
53-7121,"Tank Car, Truck, & Ship Loaders",187,$24.95,$20.61,$25.43,$30.38,"$51,897"
47-2082,Tapers,839,$23.45,$18.79,$23.61,$27.45,"$48,773"
13-2082,Tax Preparers,512,$19.76,$12.30,$14.54,$21.02,"$41,093"
53-3041,Taxi Drivers & Chauffeurs,"2,101",$11.58,$9.26,$10.21,$12.95,"$24,103"
25-9041,Teacher Assistants,"9,933",,,,,"$32,092"
25-3999,"Teachers, Primary, Secondary, & Adult, All Other","6,819",,,,,"$37,926"
51-2092,Team Assemblers,"5,047",$16.17,$12.50,$15.22,$19.03,"$33,643"
27-3042,Tech Writers,"1,216",$40.47,$32.72,$40.95,$49.32,"$84,178"
49-2022,Telecom Equipment Installers & Repairers (Not Line),"2,221",$27.97,$24.56,$29.50,$32.70,"$58,180"
49-9052,Telecommunications Line Installers & Repairers,"1,979",$24.54,$20.95,$25.16,$28.32,"$51,045"
41-9041,Telemarketers,"3,129",$11.61,$9.24,$10.26,$12.30,"$24,145"
43-3071,Tellers,"4,569",$13.28,$11.62,$13.11,$14.68,"$27,629"
51-6099,"Textile, Apparel, & Furnishings Workers, All Other",68,$10.76,$9.04,$9.32,$11.91,"$22,372"
47-2044,Tile & Marble Setters,396,$25.95,$19.78,$27.16,$32.37,"$53,985"
49-3093,Tire Repairers & Changers,780,$14.73,$11.52,$14.13,$17.40,"$30,642"
23-2093,"Title Examiners, Abstractors, & Searchers",545,$24.15,$18.21,$22.18,$30.06,"$50,229"
53-6041,Traffic Technicians,34,$23.77,$19.34,$21.35,$30.14,"$49,444"
11-3131,Training & Development Mgrs,487,$51.07,$40.53,$47.93,$59.06,"$106,236"
13-1151,Training & Development Specialists,"2,544",$35.45,$27.03,$35.05,$43.24,"$73,739"
53-6051,Transportation Inspectors,533,$31.03,$18.21,$26.66,$43.93,"$64,535"
33-9093,Transportation Security Screeners,657,$19.27,$17.71,$18.81,$20.27,"$40,079"
11-3071,"Transportation, Storage, & Distribution Mgrs","1,737",$48.06,$34.07,$45.50,$55.81,"$99,961"
53-1031,"Transptn/Material-Mvng Vehicle Ops, 1st-Line Spvrs of","2,957",$29.64,$21.48,$27.69,$35.83,"$61,642"
41-3041,Travel Agents,955,$20.22,$16.16,$19.55,$22.95,"$42,053"
39-7012,Travel Guides,22,$13.90,$9.17,$10.45,$13.15,"$28,928"
53-3032,"Truck Drivers, Heavy & Tractor-Trailer","10,162",$22.16,$18.10,$21.37,$25.06,"$46,091"
53-3033,"Truck Drivers, Light or Delivery Svcs","8,256",$16.56,$12.61,$15.36,$19.59,"$34,428"
51-6093,Upholsterers,234,$19.70,$13.27,$20.18,$24.04,"$40,961"
19-3051,Urban & Regional Planners,"1,453",$35.57,$30.35,$35.27,$40.94,"$73,973"
39-3031,"Ushers, Lobby Attendants, & Ticket Takers","1,647",$10.78,$9.92,$10.85,$11.74,"$22,432"
29-1131,Veterinarians,533,$37.61,$27.10,$37.42,$44.61,"$78,237"
31-9096,Veterinary Assistants & Laboratory Animal Caretakers,720,$12.37,$10.45,$11.92,$13.98,"$25,734"
29-2056,Veterinary Technologists & Technicians,992,$15.22,$12.65,$14.75,$17.24,"$31,652"
25-1194,"Vocational Education Teachers, Postsecondary","2,816",$30.87,$22.86,$28.19,$38.95,"$64,217"
25-2032,"Vocational Education Teachers, Secondary School",678,,,,,"$63,584"
35-3031,Waiters & Waitresses,"20,274",$13.84,$9.88,$12.98,$14.56,"$28,799"
51-8031,Water & Liquid Waste Treatment Plant & System Ops,319,$30.92,$26.67,$30.73,$35.46,"$64,297"
43-5111,"Weighers, Measurers, Checkers, & Samplers, Recordkeeping",550,$15.38,$11.62,$14.88,$18.51,"$31,985"
51-4121,"Welders, Cutters, Solderers, & Brazers","2,057",$22.33,$18.25,$21.53,$26.00,"$46,459"
51-4122,Welding/Soldering/Brazing Machine Setters/Ops/Tenders,301,$17.68,$14.21,$16.96,$20.41,"$36,771"
13-1022,"Wholesale & Retail Buyers, Not Farm Products","1,521",$31.91,$19.53,$23.57,$32.85,"$66,392"
51-7042,Woodworking Machine Setters/Ops/Tenders (Not Sawing),377,$14.35,$11.84,$14.14,$16.85,"$29,861"
43-9022,Word Processors & Typists,447,$22.61,$17.27,$23.15,$27.66,"$47,023"
27-3043,Writers & Authors,863,$34.75,$24.35,$32.83,$42.99,"$72,290"
19-1023,Zoologists & Wildlife Biologists,898,$33.96,$25.29,$29.84,$39.65,"$70,634"
