title,est_emp,ann_wage,year
Retail Salespersons,44599,28948,2011
Cashiers,26857,25404,2011
Registered Nurses,22921,78358,2011
"Office Clerks, General",22151,33159,2011
Waiters & Waitresses,20274,28799,2011
Stock Clerks & Order Fillers,16196,31107,2011
"Business Operations Specialists, All Other",15808,72553,2011
Accountants & Auditors,12160,68897,2011
"Cooks, Restaurant",11770,26966,2011
Receptionists & Information Clerks,10679,29716,2011
Carpenters,10337,52949,2011
"Truck Drivers, Heavy & Tractor-Trailer",10162,46091,2011
Teacher Assistants,9933,32092,2011
Management Analysts,9644,91466,2011
Computer Systems Analysts,9510,90096,2011
Executive Secretaries & Administrative Assistants,9087,51965,2011
Security Guards,7798,42912,2011
Medical Secretaries,7779,40788,2011
Computer Programmers,7607,94149,2011
"Packers & Packagers, Hand",7436,24912,2011
Counter & Rental Clerks,7115,27573,2011
Lawyers,6504,129583,2011
Home Health Aides,5947,24326,2011
Civil Engineers,5942,83135,2011
Bartenders,5671,28480,2011
Construction Laborers,5232,41465,2011
Electricians,5156,69563,2011
Team Assemblers,5047,33643,2011
Medical Assistants,4966,35736,2011
Order Clerks,4609,36242,2011
Industrial Truck & Tractor Operators,4573,41302,2011
Tellers,4569,27629,2011
Dental Assistants,4269,39920,2011
Dining Room & Cafeteria Attendants & Bartender Helpers,4214,21143,2011
"Plumbers, Pipefitters, & Steamfitters",4019,63308,2011
Dishwashers,3994,21383,2011
Paralegals & Legal Assistants,3811,53517,2011
Mechanical Engineers,3687,91417,2011
"Painters, Construction & Maintenance",3378,38436,2011
Police & Sheriff's Patrol Officers,3355,72678,2011
Fitness Trainers & Aerobics Instructors,3320,42957,2011
Public Relations Specialists,3277,61020,2011
Telemarketers,3129,24145,2011
"Food Servers, Nonrestaurant",3035,26187,2011
Rehabilitation Counselors,3028,41244,2011
Amusement & Recreation Attendants,3023,22074,2011
Loan Officers,2997,82989,2011
Pharmacy Technicians,2963,39020,2011
Insurance Claims & Policy Processing Clerks,2943,40466,2011
Coaches & Scouts,2927,35171,2011
Machinists,2900,51902,2011
Insurance Sales Agents,2897,68246,2011
Financial Analysts,2870,87324,2011
Bill & Account Collectors,2847,36641,2011
"Vocational Education Teachers, Postsecondary",2816,64217,2011
Cost Estimators,2657,69696,2011
Pharmacists,2601,107147,2011
Cleaners of Vehicles & Equipment,2519,27275,2011
Graphic Designers,2438,55613,2011
Gaming Dealers,2425,28767,2011
Dental Hygienists,2402,92947,2011
"Cooks, Institution & Cafeteria",2252,31180,2011
Self-Enrichment Education Teachers,2240,46150,2011
Legal Secretaries,2235,49404,2011
Medical Records & Health Information Technicians,2221,41584,2011
Electrical & Electronic Equipment Assemblers,2218,33757,2011
Taxi Drivers & Chauffeurs,2101,24103,2011
Parts Salespersons,2049,35832,2011
Reservation/Transportation Ticket Agents/Travel Clerks,2026,30721,2011
Environmental Scientists & Specialists (Inc Health),2000,77637,2011
Data Entry Keyers,1981,31704,2011
Industrial Machinery Mechanics,1920,58715,2011
Physical Therapists,1909,78835,2011
Librarians,1900,64465,2011
Loan Interviewers & Clerks,1883,39275,2011
Database Administrators,1882,86271,2011
Advertising Sales Agents,1836,59512,2011
Chief Executives,1695,217935,2011
Medical & Clinical Laboratory Technologists,1689,63728,2011
Mental Health Counselors,1680,44778,2011
"Eligibility Interviewers, Government Programs",1677,45920,2011
Printing Press Operators,1671,40483,2011
Roofers,1659,46709,2011
Nonfarm Animal Caretakers,1634,24508,2011
Editors,1612,73073,2011
Bakers,1607,30548,2011
Payroll & Timekeeping Clerks,1590,44054,2011
Human Resources Managers,1559,116735,2011
"Health Technologists & Technicians, All Other",1490,49038,2011
Emergency Medical Technicians & Paramedics,1484,44786,2011
Sales Engineers,1480,105875,2011
Cargo & Freight Agents,1468,48633,2011
Urban & Regional Planners,1453,73973,2011
Packaging & Filling Machine Operators & Tenders,1447,31349,2011
Sewing Machine Operators,1419,26555,2011
Drywall & Ceiling Tile Installers,1323,51596,2011
Massage Therapists,1323,58270,2011
Architectural & Civil Drafters,1274,49496,2011
Sailors & Marine Oilers,1271,49486,2011
Medical & Clinical Laboratory Technicians,1233,42760,2011
Personal Financial Advisors,1233,65548,2011
Chefs & Head Cooks,1201,44888,2011
Real Estate Sales Agents,1190,46569,2011
Construction & Building Inspectors,1116,66888,2011
Insurance Underwriters,1078,72752,2011
Merchandise Displayers & Window Trimmers,1063,32841,2011
Instructional Coordinators,1045,62665,2011
"Education Administrators, Postsecondary",962,100705,2011
Travel Agents,955,42053,2011
Producers & Directors,923,70914,2011
"Cooks, Short Order",914,26126,2011
"Painters, Transportation Equipment",913,49401,2011
Butchers & Meat Cutters,889,40269,2011
Physician Assistants,871,101758,2011
Surgical Technologists,826,50195,2011
Occupational Therapists,761,72222,2011
Substance Abuse & Behavioral Disorder Counselors,679,40936,2011
Retail Salespersons,44106,29856,2012
Cashiers,25069,27277,2012
Registered Nurses,22650,79384,2012
"Office Clerks, General",21102,33976,2012
Waiters & Waitresses,20079,31598,2012
Stock Clerks & Order Fillers,16531,31249,2012
"Business Operations Specialists, All Other",15290,73714,2012
"Cooks, Restaurant",12918,27200,2012
Accountants & Auditors,12838,71419,2012
Teacher Assistants,10511,32407,2012
Receptionists & Information Clerks,10409,30514,2012
"Truck Drivers, Heavy & Tractor-Trailer",10177,44956,2012
Computer Systems Analysts,9935,91286,2012
Computer Programmers,9098,96299,2012
Carpenters,8511,53652,2012
Management Analysts,8387,93390,2012
Executive Secretaries & Administrative Assistants,8141,54972,2012
Security Guards,8058,40080,2012
Medical Secretaries,7370,42793,2012
Lawyers,7069,124379,2012
"Packers & Packagers, Hand",6856,24888,2012
Counter & Rental Clerks,6814,28785,2012
Bartenders,6530,29156,2012
Civil Engineers,6151,85482,2012
Medical Assistants,5689,37640,2012
Electricians,4931,66668,2012
Construction Laborers,4774,41753,2012
Tellers,4350,29004,2012
Order Clerks,4308,37737,2012
Fitness Trainers & Aerobics Instructors,4299,45292,2012
Dining Room & Cafeteria Attendants & Bartender Helpers,4277,22333,2012
Home Health Aides,4170,24649,2012
Paralegals & Legal Assistants,3965,53619,2012
Dental Assistants,3956,41151,2012
Industrial Truck & Tractor Operators,3875,41684,2012
Dishwashers,3765,21214,2012
Rehabilitation Counselors,3443,46935,2012
Coaches & Scouts,3308,43308,2012
"Painters, Construction & Maintenance",3291,40889,2012
Police & Sheriff's Patrol Officers,3283,73631,2012
Insurance Claims & Policy Processing Clerks,3275,41137,2012
Public Relations Specialists,3248,61412,2012
"Food Servers, Nonrestaurant",3230,25251,2012
Pharmacy Technicians,3181,40371,2012
Mechanical Engineers,3151,92351,2012
Amusement & Recreation Attendants,3090,23923,2012
Financial Analysts,3059,90710,2012
"Plumbers, Pipefitters, & Steamfitters",3042,66696,2012
Loan Officers,2951,84529,2012
Insurance Sales Agents,2946,63620,2012
Team Assemblers,2926,31889,2012
Self-Enrichment Education Teachers,2784,44987,2012
"Vocational Education Teachers, Postsecondary",2765,66725,2012
Pharmacists,2717,111495,2012
Dental Hygienists,2664,95226,2012
Bill & Account Collectors,2635,36936,2012
Graphic Designers,2590,58262,2012
Electrical & Electronic Equipment Assemblers,2480,35769,2012
Cost Estimators,2478,70360,2012
Cleaners of Vehicles & Equipment,2465,27872,2012
"Cooks, Institution & Cafeteria",2393,31637,2012
Machinists,2386,54985,2012
Telemarketers,2358,26255,2012
Gaming Dealers,2323,31795,2012
Medical Records & Health Information Technicians,2201,41999,2012
Taxi Drivers & Chauffeurs,2126,25020,2012
Personal Financial Advisors,2105,72404,2012
Environmental Scientists & Specialists (Inc Health),2062,79733,2012
Loan Interviewers & Clerks,2054,37638,2012
Database Administrators,2046,88536,2012
Industrial Machinery Mechanics,2033,62607,2012
Chief Executives,1967,211712,2012
Advertising Sales Agents,1966,66260,2012
Parts Salespersons,1936,36065,2012
Physical Therapists,1881,79305,2012
Editors,1840,70475,2012
Librarians,1796,64954,2012
Real Estate Sales Agents,1780,48324,2012
Legal Secretaries,1756,52583,2012
"Eligibility Interviewers, Government Programs",1747,46088,2012
Emergency Medical Technicians & Paramedics,1718,47877,2012
Human Resources Managers,1706,114161,2012
Mental Health Counselors,1700,45433,2012
Roofers,1684,45996,2012
"Health Technologists & Technicians, All Other",1666,49200,2012
Massage Therapists,1649,52522,2012
Urban & Regional Planners,1585,73810,2012
Bakers,1543,29566,2012
Medical & Clinical Laboratory Technologists,1543,64207,2012
Payroll & Timekeeping Clerks,1531,46826,2012
Nonfarm Animal Caretakers,1515,25228,2012
Reservation/Transportation Ticket Agents/Travel Clerks,1444,33131,2012
Data Entry Keyers,1396,32808,2012
Cargo & Freight Agents,1372,49746,2012
Sailors & Marine Oilers,1289,48755,2012
Chefs & Head Cooks,1260,45654,2012
Sales Engineers,1259,115563,2012
Packaging & Filling Machine Operators & Tenders,1200,33903,2012
Insurance Underwriters,1168,86688,2012
Construction & Building Inspectors,1139,66751,2012
Physician Assistants,1089,104803,2012
Instructional Coordinators,1075,63999,2012
Medical & Clinical Laboratory Technicians,1068,44228,2012
Architectural & Civil Drafters,1042,57952,2012
"Education Administrators, Postsecondary",1019,102102,2012
Butchers & Meat Cutters,1013,39594,2012
Drywall & Ceiling Tile Installers,1009,54034,2012
Surgical Technologists,988,52425,2012
"Painters, Transportation Equipment",981,54161,2012
"Cooks, Short Order",979,26562,2012
Merchandise Displayers & Window Trimmers,949,34439,2012
Producers & Directors,899,77172,2012
Occupational Therapists,897,75313,2012
Printing Press Operators,853,40259,2012
Travel Agents,815,40995,2012
Sewing Machine Operators,789,24601,2012
Substance Abuse & Behavioral Disorder Counselors,764,40533,2012
Retail Salespersons,47387,31777,2013
Cashiers,26112,28164,2013
Registered Nurses,21002,81940,2013
Waiters & Waitresses,20223,28309,2013
"Office Clerks, General",19929,34096,2013
Stock Clerks & Order Fillers,16861,31301,2013
"Business Operations Specialists, All Other",15518,75409,2013
Accountants & Auditors,14004,73135,2013
"Cooks, Restaurant",12595,27263,2013
Teacher Assistants,12013,32482,2013
Computer Programmers,11016,97269,2013
Computer Systems Analysts,10537,100333,2013
"Truck Drivers, Heavy & Tractor-Trailer",9930,46113,2013
Receptionists & Information Clerks,9272,31862,2013
Management Analysts,9238,95306,2013
Security Guards,8787,35718,2013
Executive Secretaries & Administrative Assistants,8000,56265,2013
Bartenders,7611,29011,2013
Counter & Rental Clerks,7441,29728,2013
Lawyers,7192,127839,2013
Carpenters,7163,55848,2013
Medical Secretaries,6690,42298,2013
Construction Laborers,6601,43482,2013
Medical Assistants,6097,39013,2013
Civil Engineers,5911,87592,2013
"Packers & Packagers, Hand",5738,24597,2013
Dishwashers,5084,21986,2013
Dining Room & Cafeteria Attendants & Bartender Helpers,5014,22830,2013
Electricians,4752,67790,2013
Tellers,4550,29460,2013
Industrial Truck & Tractor Operators,4359,42505,2013
Home Health Aides,4124,25919,2013
Fitness Trainers & Aerobics Instructors,3946,44279,2013
Dental Assistants,3852,42750,2013
Order Clerks,3721,38413,2013
Electrical & Electronic Equipment Assemblers,3660,34919,2013
"Painters, Construction & Maintenance",3633,41293,2013
Mechanical Engineers,3503,94470,2013
Paralegals & Legal Assistants,3358,57347,2013
Pharmacy Technicians,3325,42074,2013
Coaches & Scouts,3313,43751,2013
Insurance Claims & Policy Processing Clerks,3303,40002,2013
Police & Sheriff's Patrol Officers,3242,78741,2013
"Cooks, Institution & Cafeteria",3204,31148,2013
Public Relations Specialists,3166,64985,2013
Machinists,3090,53689,2013
Financial Analysts,3033,88706,2013
Insurance Sales Agents,3024,65105,2013
Amusement & Recreation Attendants,2990,24430,2013
Gaming Dealers,2979,29789,2013
Self-Enrichment Education Teachers,2916,43771,2013
Graphic Designers,2889,58278,2013
Rehabilitation Counselors,2870,43045,2013
Team Assemblers,2846,31176,2013
Loan Officers,2828,84381,2013
Cleaners of Vehicles & Equipment,2738,28180,2013
Pharmacists,2736,117536,2013
Dental Hygienists,2723,94688,2013
"Plumbers, Pipefitters, & Steamfitters",2683,68677,2013
"Food Servers, Nonrestaurant",2606,25351,2013
Industrial Machinery Mechanics,2596,61482,2013
Cost Estimators,2528,73126,2013
"Vocational Education Teachers, Postsecondary",2487,61881,2013
Bill & Account Collectors,2394,37168,2013
Personal Financial Advisors,2382,99467,2013
Medical Records & Health Information Technicians,2319,43212,2013
Taxi Drivers & Chauffeurs,2227,26640,2013
Physical Therapists,2164,83327,2013
Database Administrators,2159,91575,2013
Parts Salespersons,2049,36089,2013
Emergency Medical Technicians & Paramedics,2041,49220,2013
Loan Interviewers & Clerks,2039,36028,2013
Sailors & Marine Oilers,1961,48495,2013
Bakers,1952,29776,2013
Real Estate Sales Agents,1950,48581,2013
Medical & Clinical Laboratory Technologists,1949,65725,2013
Human Resources Managers,1920,116771,2013
Environmental Scientists & Specialists (Inc Health),1913,84914,2013
Editors,1901,75226,2013
Advertising Sales Agents,1841,67852,2013
"Eligibility Interviewers, Government Programs",1797,46434,2013
Chief Executives,1770,218923,2013
Nonfarm Animal Caretakers,1755,27979,2013
Legal Secretaries,1753,54139,2013
Massage Therapists,1743,57825,2013
Payroll & Timekeeping Clerks,1740,45666,2013
"Health Technologists & Technicians, All Other",1689,56134,2013
Telemarketers,1634,26798,2013
Insurance Underwriters,1609,85674,2013
Librarians,1608,69807,2013
Packaging & Filling Machine Operators & Tenders,1533,31476,2013
Mental Health Counselors,1470,46070,2013
Sewing Machine Operators,1457,27307,2013
Urban & Regional Planners,1452,76174,2013
Printing Press Operators,1426,43987,2013
Data Entry Keyers,1406,33810,2013
Chefs & Head Cooks,1405,47184,2013
Producers & Directors,1402,59693,2013
Roofers,1353,46448,2013
Drywall & Ceiling Tile Installers,1335,51199,2013
Merchandise Displayers & Window Trimmers,1308,33031,2013
Medical & Clinical Laboratory Technicians,1259,44091,2013
Butchers & Meat Cutters,1182,38992,2013
Occupational Therapists,1163,80372,2013
Physician Assistants,1146,104174,2013
Construction & Building Inspectors,1103,69909,2013
Cargo & Freight Agents,1102,53067,2013
"Education Administrators, Postsecondary",1098,104252,2013
Travel Agents,1097,41819,2013
"Painters, Transportation Equipment",1089,54761,2013
Substance Abuse & Behavioral Disorder Counselors,950,44922,2013
Surgical Technologists,950,53159,2013
Instructional Coordinators,936,62620,2013
Sales Engineers,849,126107,2013
Reservation/Transportation Ticket Agents/Travel Clerks,846,36267,2013
"Cooks, Short Order",836,27010,2013
Architectural & Civil Drafters,795,61767,2013
Retail Salespersons,47097,30800,2014
Cashiers,25736,28290,2014
Registered Nurses,22805,83487,2014
Waiters & Waitresses,21752,29635,2014
"Office Clerks, General",19389,33283,2014
"Business Operations Specialists, All Other",16928,74800,2014
Accountants & Auditors,16416,77893,2014
Stock Clerks & Order Fillers,16408,32291,2014
Computer Programmers,14055,116883,2014
"Cooks, Restaurant",12066,26995,2014
Teacher Assistants,11908,33296,2014
Computer Systems Analysts,11404,101080,2014
Management Analysts,10522,101621,2014
"Truck Drivers, Heavy & Tractor-Trailer",10412,45985,2014
Carpenters,9480,53815,2014
Security Guards,9281,32980,2014
Receptionists & Information Clerks,9027,32716,2014
Lawyers,7803,131169,2014
Counter & Rental Clerks,7508,30649,2014
Executive Secretaries & Administrative Assistants,7228,57605,2014
Bartenders,7182,29071,2014
Construction Laborers,6584,44161,2014
"Packers & Packagers, Hand",6339,28353,2014
Medical Assistants,6317,38835,2014
Civil Engineers,6150,87260,2014
Electricians,5626,69591,2014
Dining Room & Cafeteria Attendants & Bartender Helpers,5219,23468,2014
Medical Secretaries,5184,42822,2014
Dishwashers,4751,22330,2014
Industrial Truck & Tractor Operators,4661,43048,2014
Fitness Trainers & Aerobics Instructors,4193,41787,2014
"Cooks, Institution & Cafeteria",4160,30895,2014
Dental Assistants,4070,42704,2014
Team Assemblers,3995,33563,2014
Tellers,3910,29962,2014
"Painters, Construction & Maintenance",3805,41995,2014
Machinists,3710,52459,2014
Mechanical Engineers,3701,95223,2014
Home Health Aides,3602,27731,2014
Insurance Claims & Policy Processing Clerks,3592,40483,2014
"Plumbers, Pipefitters, & Steamfitters",3592,69318,2014
Electrical & Electronic Equipment Assemblers,3544,34834,2014
Pharmacy Technicians,3415,42259,2014
Loan Officers,3353,86467,2014
Coaches & Scouts,3312,43645,2014
Police & Sheriff's Patrol Officers,3294,79242,2014
Self-Enrichment Education Teachers,3278,43716,2014
Graphic Designers,3201,59691,2014
Insurance Sales Agents,3199,62346,2014
Order Clerks,3095,39379,2014
Paralegals & Legal Assistants,3055,60288,2014
Gaming Dealers,3004,28386,2014
Cleaners of Vehicles & Equipment,2985,29461,2014
"Food Servers, Nonrestaurant",2908,24859,2014
Personal Financial Advisors,2817,116291,2014
Public Relations Specialists,2804,64365,2014
Bakers,2786,27729,2014
Cost Estimators,2765,73390,2014
Bill & Account Collectors,2663,36625,2014
Pharmacists,2641,119625,2014
Rehabilitation Counselors,2619,46610,2014
Taxi Drivers & Chauffeurs,2572,30538,2014
Dental Hygienists,2568,97823,2014
Real Estate Sales Agents,2403,46321,2014
Loan Interviewers & Clerks,2374,38397,2014
Physical Therapists,2321,85753,2014
Industrial Machinery Mechanics,2320,62432,2014
"Vocational Education Teachers, Postsecondary",2302,62858,2014
Database Administrators,2251,93665,2014
Massage Therapists,2190,52186,2014
Financial Analysts,2173,84190,2014
Medical Records & Health Information Technicians,2138,45244,2014
Environmental Scientists & Specialists (Inc Health),2135,78620,2014
Human Resources Managers,2012,119031,2014
Nonfarm Animal Caretakers,1976,28456,2014
Amusement & Recreation Attendants,1970,25836,2014
Medical & Clinical Laboratory Technologists,1968,67036,2014
Chief Executives,1962,218305,2014
Editors,1933,67239,2014
Legal Secretaries,1872,55216,2014
Sailors & Marine Oilers,1832,47977,2014
Payroll & Timekeeping Clerks,1813,46609,2014
Parts Salespersons,1800,38893,2014
Packaging & Filling Machine Operators & Tenders,1760,29782,2014
"Health Technologists & Technicians, All Other",1724,54117,2014
Insurance Underwriters,1644,83384,2014
"Eligibility Interviewers, Government Programs",1464,47925,2014
Librarians,1457,69485,2014
Chefs & Head Cooks,1441,50181,2014
Data Entry Keyers,1421,33830,2014
Merchandise Displayers & Window Trimmers,1413,32092,2014
Telemarketers,1412,27625,2014
Sewing Machine Operators,1398,28257,2014
Emergency Medical Technicians & Paramedics,1389,62352,2014
Medical & Clinical Laboratory Technicians,1358,43534,2014
Printing Press Operators,1320,42091,2014
Occupational Therapists,1310,82192,2014
Roofers,1304,46296,2014
Urban & Regional Planners,1292,78469,2014
Advertising Sales Agents,1268,66387,2014
Cargo & Freight Agents,1262,51479,2014
"Painters, Transportation Equipment",1262,55834,2014
Producers & Directors,1262,65215,2014
Mental Health Counselors,1241,44859,2014
Drywall & Ceiling Tile Installers,1225,47308,2014
"Cooks, Short Order",1208,25171,2014
Butchers & Meat Cutters,1118,36450,2014
"Education Administrators, Postsecondary",1104,105137,2014
Travel Agents,1097,42662,2014
Instructional Coordinators,1082,63232,2014
Construction & Building Inspectors,1032,71362,2014
Substance Abuse & Behavioral Disorder Counselors,1012,44303,2014
Sales Engineers,1004,115167,2014
Surgical Technologists,987,52609,2014
Architectural & Civil Drafters,859,57374,2014
Physician Assistants,849,110844,2014
Reservation/Transportation Ticket Agents/Travel Clerks,846,35774,2014
Retail Salespersons,50258,31288,2015
Cashiers,26046,29004,2015
Registered Nurses,23374,85457,2015
Waiters & Waitresses,22842,30717,2015
"Office Clerks, General",20301,34331,2015
"Business Operations Specialists, All Other",19037,78471,2015
Stock Clerks & Order Fillers,18039,32007,2015
Accountants & Auditors,15904,78725,2015
Teacher Assistants,12568,33512,2015
Computer Programmers,12282,121433,2015
"Cooks, Restaurant",12147,27804,2015
Computer Systems Analysts,11706,103364,2015
Management Analysts,11522,106315,2015
"Truck Drivers, Heavy & Tractor-Trailer",10727,46910,2015
Carpenters,10192,54996,2015
Security Guards,10080,34712,2015
Receptionists & Information Clerks,9730,33083,2015
Construction Laborers,8528,48774,2015
Lawyers,7440,133094,2015
Counter & Rental Clerks,7409,33614,2015
"Packers & Packagers, Hand",6846,29128,2015
Executive Secretaries & Administrative Assistants,6696,57743,2015
Bartenders,6447,33823,2015
Dishwashers,5977,23196,2015
Civil Engineers,5969,87303,2015
Team Assemblers,5947,34403,2015
Medical Assistants,5927,38789,2015
Electricians,5673,73683,2015
Medical Secretaries,5059,44104,2015
Dining Room & Cafeteria Attendants & Bartender Helpers,4956,24882,2015
Machinists,4922,50912,2015
Industrial Truck & Tractor Operators,4906,44703,2015
Dental Assistants,4710,42315,2015
Fitness Trainers & Aerobics Instructors,4507,42672,2015
Home Health Aides,4455,26732,2015
"Painters, Construction & Maintenance",4289,44558,2015
"Plumbers, Pipefitters, & Steamfitters",4170,70146,2015
Mechanical Engineers,3905,95729,2015
"Cooks, Institution & Cafeteria",3874,32096,2015
Coaches & Scouts,3831,39200,2015
Self-Enrichment Education Teachers,3795,46957,2015
Insurance Sales Agents,3743,69135,2015
Tellers,3605,30627,2015
Pharmacy Technicians,3495,42151,2015
Electrical & Electronic Equipment Assemblers,3416,35970,2015
Police & Sheriff's Patrol Officers,3373,81993,2015
Loan Officers,3254,73239,2015
Bakers,3195,28418,2015
Cleaners of Vehicles & Equipment,3087,29524,2015
Real Estate Sales Agents,3072,49824,2015
Insurance Claims & Policy Processing Clerks,3018,41049,2015
Paralegals & Legal Assistants,2999,63809,2015
Cost Estimators,2943,75277,2015
Taxi Drivers & Chauffeurs,2940,30338,2015
Graphic Designers,2850,61071,2015
Gaming Dealers,2827,23646,2015
Bill & Account Collectors,2764,37325,2015
Dental Hygienists,2681,95719,2015
Public Relations Specialists,2582,66567,2015
Personal Financial Advisors,2578,122629,2015
Order Clerks,2556,37020,2015
Nonfarm Animal Caretakers,2529,27232,2015
Rehabilitation Counselors,2488,41289,2015
"Food Servers, Nonrestaurant",2487,24177,2015
Pharmacists,2437,122558,2015
Financial Analysts,2423,84332,2015
Sewing Machine Operators,2421,30016,2015
Physical Therapists,2414,85731,2015
Medical Records & Health Information Technicians,2379,46632,2015
Massage Therapists,2376,50398,2015
Loan Interviewers & Clerks,2375,36229,2015
Chief Executives,2251,232341,2015
Legal Secretaries,2144,51563,2015
"Vocational Education Teachers, Postsecondary",2141,58648,2015
Industrial Machinery Mechanics,2105,61809,2015
Environmental Scientists & Specialists (Inc Health),2094,79069,2015
Medical & Clinical Laboratory Technologists,2029,68331,2015
Human Resources Managers,2012,124049,2015
Telemarketers,1970,29402,2015
Amusement & Recreation Attendants,1896,24177,2015
Merchandise Displayers & Window Trimmers,1829,30358,2015
"Cooks, Short Order",1827,25127,2015
Packaging & Filling Machine Operators & Tenders,1800,30749,2015
Parts Salespersons,1797,40341,2015
Database Administrators,1788,96864,2015
Payroll & Timekeeping Clerks,1763,47514,2015
"Health Technologists & Technicians, All Other",1725,56427,2015
Sailors & Marine Oilers,1707,49533,2015
Editors,1649,70623,2015
Advertising Sales Agents,1572,55597,2015
Librarians,1551,70298,2015
Producers & Directors,1540,69406,2015
Reservation/Transportation Ticket Agents/Travel Clerks,1465,33448,2015
Printing Press Operators,1454,43909,2015
Medical & Clinical Laboratory Technicians,1439,44838,2015
"Painters, Transportation Equipment",1430,58108,2015
Insurance Underwriters,1419,81188,2015
Data Entry Keyers,1404,38157,2015
Chefs & Head Cooks,1377,54178,2015
Drywall & Ceiling Tile Installers,1327,50203,2015
Cargo & Freight Agents,1258,52435,2015
Emergency Medical Technicians & Paramedics,1238,64782,2015
Travel Agents,1181,44386,2015
Roofers,1174,45967,2015
Butchers & Meat Cutters,1173,35644,2015
Occupational Therapists,1169,84453,2015
Mental Health Counselors,1090,44199,2015
Urban & Regional Planners,1080,85062,2015
"Education Administrators, Postsecondary",1076,106953,2015
Construction & Building Inspectors,1022,73642,2015
"Eligibility Interviewers, Government Programs",1020,49564,2015
Substance Abuse & Behavioral Disorder Counselors,1019,45973,2015
Architectural & Civil Drafters,1017,57756,2015
Instructional Coordinators,969,63748,2015
Sales Engineers,881,119399,2015
Physician Assistants,782,112064,2015
Surgical Technologists,734,52331,2015
Retail Salespersons,50315,30882,2016
Registered Nurses,24704,83432,2016
Waiters & Waitresses,24508,33366,2016
"Office Clerks, General",24304,37117,2016
Cashiers,24039,28547,2016
"Business Operations Specialists, All Other",19987,81203,2016
Stock Clerks & Order Fillers,18395,33965,2016
Accountants & Auditors,16380,80343,2016
Management Analysts,12518,111903,2016
Computer Systems Analysts,12347,101186,2016
Teacher Assistants,12323,34635,2016
"Cooks, Restaurant",12037,28808,2016
Computer Programmers,11974,125280,2016
Carpenters,11729,56674,2016
Security Guards,11583,36038,2016
"Truck Drivers, Heavy & Tractor-Trailer",11027,47137,2016
Receptionists & Information Clerks,9601,34180,2016
"Packers & Packagers, Hand",9295,28351,2016
Construction Laborers,8605,50200,2016
Lawyers,7554,137555,2016
Bartenders,6894,34029,2016
Team Assemblers,6794,36635,2016
Electricians,6588,72001,2016
Counter & Rental Clerks,6434,33328,2016
Dishwashers,5865,24321,2016
Civil Engineers,5808,87957,2016
Medical Assistants,5804,38903,2016
Executive Secretaries & Administrative Assistants,5652,61217,2016
Machinists,5643,52242,2016
"Plumbers, Pipefitters, & Steamfitters",5076,69023,2016
Industrial Truck & Tractor Operators,4979,46525,2016
Coaches & Scouts,4741,46748,2016
"Painters, Construction & Maintenance",4706,45819,2016
Real Estate Sales Agents,4634,55729,2016
Medical Secretaries,4611,45826,2016
Dental Assistants,4574,43431,2016
Fitness Trainers & Aerobics Instructors,4349,47020,2016
Mechanical Engineers,4312,97219,2016
Dining Room & Cafeteria Attendants & Bartender Helpers,4273,26381,2016
Insurance Sales Agents,4029,70801,2016
Self-Enrichment Education Teachers,3800,44851,2016
Home Health Aides,3772,26860,2016
Police & Sheriff's Patrol Officers,3762,83741,2016
"Cooks, Institution & Cafeteria",3633,33447,2016
Tellers,3588,31171,2016
Pharmacy Technicians,3508,43014,2016
Sailors & Marine Oilers,3348,49592,2016
Cleaners of Vehicles & Equipment,3283,30592,2016
Loan Officers,3282,70580,2016
Electrical & Electronic Equipment Assemblers,3265,37359,2016
Chief Executives,3238,218393,2016
Cost Estimators,3232,76557,2016
Bakers,3184,28571,2016
Graphic Designers,3140,61458,2016
Public Relations Specialists,3087,71126,2016
Paralegals & Legal Assistants,3009,63538,2016
Financial Analysts,2929,89932,2016
Dental Hygienists,2820,92552,2016
Sewing Machine Operators,2794,30439,2016
Taxi Drivers & Chauffeurs,2784,29818,2016
Gaming Dealers,2689,27635,2016
Personal Financial Advisors,2664,122464,2016
Pharmacists,2660,123565,2016
Order Clerks,2543,37178,2016
Insurance Claims & Policy Processing Clerks,2519,44526,2016
"Food Servers, Nonrestaurant",2480,26554,2016
"Vocational Education Teachers, Postsecondary",2464,62817,2016
Massage Therapists,2450,54892,2016
Medical Records & Health Information Technicians,2408,48361,2016
Nonfarm Animal Caretakers,2357,26972,2016
Environmental Scientists & Specialists (Inc Health),2355,77609,2016
Physical Therapists,2355,90452,2016
"Cooks, Short Order",2212,28002,2016
Human Resources Managers,2186,125227,2016
Rehabilitation Counselors,2175,45358,2016
Bill & Account Collectors,2127,37997,2016
Industrial Machinery Mechanics,2120,63937,2016
Legal Secretaries,2096,53787,2016
Telemarketers,2011,29649,2016
Parts Salespersons,1865,38635,2016
Loan Interviewers & Clerks,1839,37843,2016
Drywall & Ceiling Tile Installers,1783,56369,2016
Packaging & Filling Machine Operators & Tenders,1780,31796,2016
Database Administrators,1772,96610,2016
Merchandise Displayers & Window Trimmers,1737,32322,2016
Medical & Clinical Laboratory Technologists,1694,69320,2016
Payroll & Timekeeping Clerks,1634,49827,2016
Reservation/Transportation Ticket Agents/Travel Clerks,1629,34569,2016
"Eligibility Interviewers, Government Programs",1595,48425,2016
Librarians,1565,70781,2016
Amusement & Recreation Attendants,1563,25014,2016
Printing Press Operators,1551,43504,2016
Producers & Directors,1527,73084,2016
Advertising Sales Agents,1501,48814,2016
"Painters, Transportation Equipment",1478,62021,2016
Roofers,1438,51653,2016
Editors,1422,72222,2016
Insurance Underwriters,1399,81479,2016
Medical & Clinical Laboratory Technicians,1397,46078,2016
Cargo & Freight Agents,1337,53163,2016
Butchers & Meat Cutters,1335,36471,2016
Data Entry Keyers,1330,39675,2016
Occupational Therapists,1276,85359,2016
Chefs & Head Cooks,1239,57238,2016
Emergency Medical Technicians & Paramedics,1182,67129,2016
Construction & Building Inspectors,1161,72215,2016
"Health Technologists & Technicians, All Other",1144,55239,2016
Urban & Regional Planners,1102,85988,2016
Substance Abuse & Behavioral Disorder Counselors,1095,39352,2016
"Education Administrators, Postsecondary",1057,110153,2016
Mental Health Counselors,1035,43471,2016
Architectural & Civil Drafters,976,58374,2016
Instructional Coordinators,962,64765,2016
Surgical Technologists,927,55899,2016
Travel Agents,903,43255,2016
Sales Engineers,875,120313,2016
Physician Assistants,863,115378,2016
Retail Salespersons,47528,31890,2017
"Office Clerks, General",28848,39190,2017
Cashiers,26448,28540,2017
Registered Nurses,26119,83796,2017
Waiters & Waitresses,25987,34810,2017
"Business Operations Specialists, All Other",21343,80930,2017
Stock Clerks & Order Fillers,19085,34411,2017
Accountants & Auditors,17257,76644,2017
"Cooks, Restaurant",14184,30301,2017
Computer Systems Analysts,13587,100373,2017
Teacher Assistants,13396,34906,2017
Management Analysts,12827,112757,2017
Carpenters,12496,61321,2017
"Truck Drivers, Heavy & Tractor-Trailer",10871,49508,2017
Security Guards,10636,37132,2017
Receptionists & Information Clerks,10502,34840,2017
Construction Laborers,9551,52108,2017
Computer Programmers,9159,121517,2017
"Packers & Packagers, Hand",8223,28240,2017
Team Assemblers,7679,37562,2017
Lawyers,7592,139967,2017
Electricians,7005,71756,2017
Dishwashers,6982,25936,2017
Bartenders,6752,35447,2017
Executive Secretaries & Administrative Assistants,6095,63022,2017
Machinists,6069,53908,2017
Counter & Rental Clerks,5824,33950,2017
Civil Engineers,5769,90388,2017
Medical Assistants,5683,41394,2017
Coaches & Scouts,5363,48829,2017
"Plumbers, Pipefitters, & Steamfitters",5199,68291,2017
Mechanical Engineers,4807,97871,2017
"Painters, Construction & Maintenance",4759,45188,2017
Dental Assistants,4675,43336,2017
Real Estate Sales Agents,4459,62250,2017
Medical Secretaries,4408,45796,2017
Industrial Truck & Tractor Operators,4330,47947,2017
Fitness Trainers & Aerobics Instructors,4120,52015,2017
Insurance Sales Agents,4098,71060,2017
Dining Room & Cafeteria Attendants & Bartender Helpers,4064,27928,2017
Police & Sheriff's Patrol Officers,3891,86178,2017
"Cooks, Institution & Cafeteria",3736,35149,2017
Financial Analysts,3718,92236,2017
Tellers,3646,32062,2017
Public Relations Specialists,3573,73862,2017
Chief Executives,3489,221697,2017
Self-Enrichment Education Teachers,3477,48536,2017
Loan Officers,3473,77593,2017
Pharmacy Technicians,3390,44019,2017
Graphic Designers,3362,61184,2017
Cost Estimators,3319,79909,2017
Sewing Machine Operators,3281,30987,2017
Electrical & Electronic Equipment Assemblers,3235,40166,2017
Paralegals & Legal Assistants,3199,65629,2017
Cleaners of Vehicles & Equipment,3069,30387,2017
Sailors & Marine Oilers,3031,50576,2017
Gaming Dealers,2894,28606,2017
Bakers,2784,31018,2017
Dental Hygienists,2736,93993,2017
Home Health Aides,2605,27024,2017
Pharmacists,2601,126225,2017
Taxi Drivers & Chauffeurs,2596,28425,2017
Personal Financial Advisors,2541,110236,2017
Drywall & Ceiling Tile Installers,2378,63237,2017
Nonfarm Animal Caretakers,2340,29418,2017
"Vocational Education Teachers, Postsecondary",2331,62652,2017
Reservation/Transportation Ticket Agents/Travel Clerks,2328,38710,2017
Order Clerks,2325,38546,2017
Human Resources Managers,2257,128145,2017
Industrial Machinery Mechanics,2215,63600,2017
"Food Servers, Nonrestaurant",2211,27887,2017
Medical Records & Health Information Technicians,2206,48495,2017
Massage Therapists,2191,59051,2017
"Cooks, Short Order",2156,27969,2017
Physical Therapists,2125,90246,2017
Insurance Claims & Policy Processing Clerks,2073,45694,2017
Legal Secretaries,2023,55782,2017
Producers & Directors,2004,72859,2017
Rehabilitation Counselors,1954,48131,2017
Amusement & Recreation Attendants,1943,25884,2017
Bill & Account Collectors,1932,41109,2017
Packaging & Filling Machine Operators & Tenders,1870,34315,2017
Environmental Scientists & Specialists (Inc Health),1801,82095,2017
Emergency Medical Technicians & Paramedics,1799,74966,2017
Loan Interviewers & Clerks,1783,38761,2017
Parts Salespersons,1750,37750,2017
Telemarketers,1737,31130,2017
Medical & Clinical Laboratory Technicians,1669,46014,2017
Database Administrators,1655,99056,2017
Medical & Clinical Laboratory Technologists,1618,70064,2017
"Painters, Transportation Equipment",1618,63914,2017
"Eligibility Interviewers, Government Programs",1612,48757,2017
Payroll & Timekeeping Clerks,1590,51371,2017
Roofers,1585,51292,2017
Advertising Sales Agents,1582,53880,2017
Librarians,1576,72515,2017
Construction & Building Inspectors,1565,78676,2017
Mental Health Counselors,1522,45103,2017
Occupational Therapists,1492,83705,2017
Data Entry Keyers,1491,41538,2017
Insurance Underwriters,1449,84318,2017
Butchers & Meat Cutters,1411,40748,2017
Printing Press Operators,1371,46169,2017
Cargo & Freight Agents,1353,51259,2017
Substance Abuse & Behavioral Disorder Counselors,1342,38774,2017
Merchandise Displayers & Window Trimmers,1334,33751,2017
Physician Assistants,1297,117193,2017
Architectural & Civil Drafters,1227,58936,2017
Editors,1226,63594,2017
"Education Administrators, Postsecondary",1131,111818,2017
Chefs & Head Cooks,1127,58250,2017
Sales Engineers,1121,125460,2017
Travel Agents,1066,48030,2017
Urban & Regional Planners,1064,86216,2017
"Health Technologists & Technicians, All Other",1018,59452,2017
Instructional Coordinators,1003,70348,2017
Surgical Technologists,999,57771,2017
